,ts_code,trade_date,open,close,low,high,vol,amount,ema_100,score_ema_100,ema_50,score_ema_50,return_ema_100
0,688363.SH,2021-11-01,168.5,168.5,164.3,170.89,26054.6,436632.028,198.36,0,187.32,0,0.0
1,688363.SH,2021-11-02,167.0,167.4,167.0,173.87,29177.34,496144.862,197.74,0,186.54,0,0.23952095808383575
2,688363.SH,2021-11-03,168.25,168.82,165.4,170.89,21062.52,353296.244,197.17,0,185.84,0,1.089820359281433
3,688363.SH,2021-11-04,169.22,170.1,168.1,171.96,18407.6,312260.664,196.63,0,185.22,0,1.8562874251496972
4,688363.SH,2021-11-05,169.93,168.22,166.02,171.57,21670.13,364093.774,196.07,0,184.56,0,0.7305389221556879
5,688363.SH,2021-11-08,167.27,166.39,165.08,170.15,16064.4,268047.108,195.48,0,183.84,0,-0.36526946107785246
6,688363.SH,2021-11-09,166.3,167.66,166.0,168.99,14034.64,235202.21,194.93,0,183.21,0,0.3952095808383213
7,688363.SH,2021-11-10,166.88,165.67,163.47,168.68,13340.72,220920.49,194.35,0,182.52,0,-0.79640718562875
8,688363.SH,2021-11-11,165.67,165.03,163.74,167.61,14643.35,242397.353,193.77,0,181.84,0,-1.1796407185628737
9,688363.SH,2021-11-12,165.02,164.78,163.7,166.5,11313.22,186482.377,193.2,0,181.17,0,-1.3293413173652688
10,688363.SH,2021-11-15,164.01,171.91,163.64,173.78,32452.97,551434.224,192.78,0,180.8,0,2.94011976047904
11,688363.SH,2021-11-16,173.0,174.35,172.23,176.5,31058.76,543092.271,192.41,0,180.55,0,4.401197604790416
12,688363.SH,2021-11-17,176.0,170.78,170.1,176.0,24439.51,418983.029,191.98,0,180.17,0,2.2634730538922163
13,688363.SH,2021-11-18,170.13,165.9,165.0,171.0,24031.03,399964.327,191.47,0,179.61,0,-0.6586826347305355
14,688363.SH,2021-11-19,165.61,164.65,164.1,166.9,15576.37,257084.097,190.94,0,179.02,0,-1.4071856287425115
15,688363.SH,2021-11-22,164.65,166.91,163.7,167.49,16635.19,276927.375,190.46,0,178.55,0,-0.05389221556886431
16,688363.SH,2021-11-23,167.0,167.57,166.55,170.17,16375.6,275017.305,190.01,0,178.12,0,0.341317365269457
17,688363.SH,2021-11-24,166.67,169.78,166.67,171.0,20567.42,347389.149,189.61,0,177.79,0,1.6646706586826356
18,688363.SH,2021-11-25,170.01,169.38,168.18,172.41,15678.76,265957.454,189.21,0,177.46,0,1.4251497005987996
19,688363.SH,2021-11-26,169.3,164.93,164.04,169.82,21649.46,358755.386,188.72,0,176.97,0,-1.2395209580838282
20,688363.SH,2021-11-29,163.28,160.96,160.5,166.98,28104.27,457835.98,188.17,0,176.34,0,-3.6167664670658635
21,688363.SH,2021-11-30,161.51,161.25,160.04,163.6,15126.87,244099.321,187.64,0,175.75,0,-3.44311377245509
22,688363.SH,2021-12-01,162.3,160.12,159.44,162.3,16570.49,265650.983,187.1,0,175.14,0,-4.119760479041913
23,688363.SH,2021-12-02,160.65,158.4,158.06,162.0,20020.06,319204.827,186.53,0,174.48,0,-5.149700598802392
24,688363.SH,2021-12-03,158.7,162.3,158.4,165.0,22355.95,363119.108,186.05,0,174.0,0,-2.814371257485023
25,688363.SH,2021-12-06,162.3,159.0,158.13,162.68,17729.17,282611.025,185.51,0,173.41,0,-4.790419161676647
26,688363.SH,2021-12-07,159.0,157.66,156.56,159.87,20167.66,318126.342,184.96,0,172.8,0,-5.592814371257488
27,688363.SH,2021-12-08,157.73,161.67,157.0,162.2,21615.58,346049.013,184.5,0,172.36,0,-3.191616766467073
28,688363.SH,2021-12-09,162.67,174.9,161.91,175.34,72241.38,1236315.445,184.31,0,172.46,1,4.730538922155692
29,688363.SH,2021-12-10,172.78,174.03,172.58,179.52,59236.18,1048480.303,184.11,0,172.52,0,4.209580838323354
30,688363.SH,2021-12-13,176.99,176.36,174.33,180.9,37096.52,658858.47,183.95,0,172.67,0,5.604790419161685
31,688363.SH,2021-12-14,175.66,173.72,172.0,177.65,28505.7,497036.106,183.75,0,172.71,1,4.023952095808383
32,688363.SH,2021-12-15,175.48,168.01,167.5,175.48,28645.56,488702.874,183.44,0,172.53,0,0.6047904191616712
33,688363.SH,2021-12-16,169.5,169.17,168.18,173.1,21242.45,360901.734,183.16,0,172.4,0,1.299401197604783
34,688363.SH,2021-12-17,168.8,165.81,163.03,169.98,26242.17,434552.28,182.81,0,172.14,0,-0.7125748502993998
35,688363.SH,2021-12-20,164.99,162.6,161.71,167.69,28704.08,470236.467,182.41,0,171.76,0,-2.634730538922159
36,688363.SH,2021-12-21,162.5,161.19,160.6,163.58,26383.43,426122.133,181.99,0,171.35,0,-3.4790419161676662
37,688363.SH,2021-12-22,162.0,162.57,161.23,163.96,15518.37,251926.352,181.61,0,171.0,0,-2.6526946107784473
38,688363.SH,2021-12-23,162.26,158.63,156.88,164.23,27964.19,444653.278,181.15,0,170.52,0,-5.011976047904194
39,688363.SH,2021-12-24,158.64,158.29,157.86,160.77,15158.37,241056.504,180.7,0,170.04,0,-5.215568862275454
40,688363.SH,2021-12-27,158.49,154.65,153.61,160.48,27780.43,432940.929,180.18,0,169.44,0,-7.39520958083832
41,688363.SH,2021-12-28,154.99,159.65,154.4,159.76,17511.83,275382.749,179.78,0,169.05,0,-4.401197604790416
42,688363.SH,2021-12-29,158.83,156.2,156.02,160.5,17824.11,281813.733,179.31,0,168.55,0,-6.4670658682634805
43,688363.SH,2021-12-30,155.4,156.06,155.11,158.5,20614.37,323038.425,178.85,0,168.06,0,-6.550898203592813
44,688363.SH,2021-12-31,156.56,155.3,153.68,157.96,25098.38,389078.563,178.38,0,167.56,0,-7.0059880239520895
45,688363.SH,2022-01-04,155.3,150.57,148.2,156.0,29705.72,451290.536,177.83,0,166.89,0,-9.838323353293417
46,688363.SH,2022-01-05,149.49,148.0,147.0,151.46,24469.03,365069.992,177.24,0,166.15,0,-11.377245508982035
47,688363.SH,2022-01-06,147.1,142.63,140.52,148.58,32311.93,463094.144,176.56,0,165.23,0,-14.592814371257488
48,688363.SH,2022-01-07,142.63,138.8,138.18,143.12,26004.06,364545.746,175.81,0,164.19,0,-16.886227544910174
49,688363.SH,2022-01-10,139.18,140.89,136.3,142.28,19247.5,269547.967,175.12,0,163.28,0,-15.634730538922165
50,688363.SH,2022-01-11,140.73,140.93,140.01,145.75,19874.54,282821.347,174.44,0,162.4,0,-15.610778443113768
51,688363.SH,2022-01-12,142.11,142.58,140.11,143.5,11988.07,170632.964,173.81,0,161.63,0,-14.622754491017956
52,688363.SH,2022-01-13,143.69,136.98,136.98,143.69,17688.4,246968.677,173.08,0,160.66,0,-17.97604790419162
53,688363.SH,2022-01-14,136.0,136.7,135.5,138.45,14418.8,197380.239,172.36,0,159.72,0,-18.14371257485031
54,688363.SH,2022-01-17,135.55,139.29,135.2,140.42,18194.18,250457.123,171.71,0,158.92,0,-16.59281437125749
55,688363.SH,2022-01-18,139.0,134.39,134.21,139.75,25867.49,352214.561,170.97,0,157.96,0,-19.52694610778444
56,688363.SH,2022-01-19,134.39,133.48,133.0,135.88,15839.54,212567.285,170.22,0,157.0,0,-20.071856287425156
57,688363.SH,2022-01-20,133.0,130.3,129.88,135.35,18107.29,238233.368,169.43,0,155.95,0,-21.97604790419161
58,688363.SH,2022-01-21,130.3,126.31,125.2,130.79,23638.89,300272.145,168.58,0,154.79,0,-24.365269461077844
59,688363.SH,2022-01-24,125.5,127.8,125.15,128.45,14817.57,188461.903,167.77,0,153.73,0,-23.47305389221557
60,688363.SH,2022-01-25,127.53,123.97,123.36,128.2,16970.1,212323.255,166.9,0,152.56,0,-25.766467065868266
61,688363.SH,2022-01-26,124.2,123.04,122.08,126.0,13453.06,166377.311,166.04,0,151.4,0,-26.32335329341317
62,688363.SH,2022-01-27,123.4,119.78,119.72,124.48,16022.71,194829.864,165.12,0,150.16,0,-28.275449101796408
63,688363.SH,2022-01-28,119.5,119.9,119.5,122.96,17347.57,210161.917,164.22,0,148.98,0,-28.20359281437125
64,688363.SH,2022-02-07,121.99,120.01,119.0,123.77,16748.9,202564.463,163.35,0,147.84,0,-28.137724550898202
65,688363.SH,2022-02-08,120.0,121.12,117.26,121.12,16401.42,196215.969,162.51,0,146.79,0,-27.473053892215564
66,688363.SH,2022-02-09,121.12,122.5,119.72,122.65,14672.14,178242.172,161.72,0,145.84,0,-26.646706586826348
67,688363.SH,2022-02-10,123.0,118.5,117.6,123.02,26097.11,311342.483,160.86,0,144.77,0,-29.041916167664674
68,688363.SH,2022-02-11,118.52,111.38,110.66,118.52,41481.7,469569.606,159.88,0,143.46,0,-33.305389221556894
69,688363.SH,2022-02-14,110.19,112.18,109.61,113.76,21884.68,245470.462,158.94,0,142.23,0,-32.82634730538922
70,688363.SH,2022-02-15,112.5,117.76,112.2,119.44,28060.18,327667.859,158.12,0,141.27,0,-29.485029940119755
71,688363.SH,2022-02-16,117.75,119.13,117.0,120.7,18452.09,219553.49,157.35,0,140.4,0,-28.66467065868264
72,688363.SH,2022-02-17,118.17,118.02,117.5,119.26,14493.64,171382.826,156.57,0,139.53,0,-29.32934131736527
73,688363.SH,2022-02-18,117.54,117.92,115.05,118.9,12663.17,148302.631,155.81,0,138.68,0,-29.389221556886223
74,688363.SH,2022-02-21,117.77,116.9,116.3,121.22,17611.89,207915.629,155.04,0,137.83,0,-30.0
75,688363.SH,2022-02-22,114.36,115.1,113.77,116.39,19123.93,220076.99,154.25,0,136.93,0,-31.077844311377252
76,688363.SH,2022-02-23,115.49,119.9,115.27,123.2,33009.57,396601.283,153.57,0,136.27,0,-28.20359281437125
77,688363.SH,2022-02-24,119.0,117.82,116.47,122.31,27392.11,326979.599,152.86,0,135.54,0,-29.44910179640719
78,688363.SH,2022-02-25,120.0,122.48,120.0,125.57,37384.27,461831.84,152.26,0,135.03,0,-26.658682634730535
79,688363.SH,2022-02-28,121.88,123.88,120.5,124.8,26170.27,321922.665,151.7,0,134.59,0,-25.820359281437128
80,688363.SH,2022-03-01,123.61,121.58,120.31,123.88,21591.8,262690.068,151.1,0,134.08,0,-27.19760479041916
81,688363.SH,2022-03-02,121.47,120.33,119.13,121.47,14859.64,178466.356,150.49,0,133.54,0,-27.946107784431142
82,688363.SH,2022-03-03,121.2,117.07,117.07,121.93,21130.21,250245.885,149.83,0,132.9,0,-29.898203592814376
83,688363.SH,2022-03-04,116.42,120.14,116.3,124.0,33260.41,402366.792,149.24,0,132.4,0,-28.059880239520957
84,688363.SH,2022-03-07,120.98,115.15,112.89,120.98,26826.43,309424.088,148.56,0,131.72,0,-31.047904191616766
85,688363.SH,2022-03-08,115.2,112.0,111.81,117.1,23819.84,271829.839,147.84,0,130.95,0,-32.93413173652694
86,688363.SH,2022-03-09,112.2,108.59,105.5,113.89,25195.49,276369.307,147.06,0,130.07,0,-34.97604790419162
87,688363.SH,2022-03-10,112.8,112.54,112.45,116.61,28891.17,329066.2,146.38,0,129.38,0,-32.610778443113766
88,688363.SH,2022-03-11,110.63,114.48,108.61,114.5,36075.25,403674.694,145.75,0,128.8,0,-31.44910179640718
89,688363.SH,2022-03-14,112.98,105.91,105.88,114.09,40161.43,436461.049,144.96,0,127.9,0,-36.58083832335329
90,688363.SH,2022-03-15,105.42,102.8,102.8,107.98,26947.44,283835.19,144.12,0,126.92,0,-38.44311377245509
91,688363.SH,2022-03-16,103.99,107.9,101.0,108.4,33808.49,353271.105,143.41,0,126.17,0,-35.38922155688623
92,688363.SH,2022-03-17,112.0,112.22,108.58,113.96,34308.15,383618.299,142.79,0,125.62,0,-32.80239520958084
93,688363.SH,2022-03-18,111.4,112.46,109.66,113.17,27343.4,304802.156,142.19,0,125.11,0,-32.65868263473054
94,688363.SH,2022-03-21,114.9,115.42,113.51,116.78,34149.67,393760.829,141.66,0,124.73,0,-30.886227544910177
95,688363.SH,2022-03-22,116.45,113.49,113.21,116.45,19722.74,225341.01,141.1,0,124.29,0,-32.041916167664674
96,688363.SH,2022-03-23,114.49,116.84,113.0,119.88,33909.91,396911.771,140.62,0,123.99,0,-30.03592814371257
97,688363.SH,2022-03-24,115.0,116.82,114.0,118.5,24344.59,282805.33,140.15,0,123.71,0,-30.04790419161677
98,688363.SH,2022-03-25,115.88,112.0,111.7,116.48,24120.27,274328.37,139.59,0,123.25,0,-32.93413173652694
99,688363.SH,2022-03-28,110.64,110.93,109.66,113.1,15327.87,170596.713,139.02,0,122.77,0,-33.57485029940119
100,688363.SH,2022-03-29,110.99,112.12,110.99,114.52,19340.07,219141.723,138.49,0,122.35,0,-32.862275449101794
101,688363.SH,2022-03-30,113.87,119.8,112.36,119.84,40725.12,478475.758,138.12,0,122.25,0,-28.26347305389222
102,688363.SH,2022-03-31,119.0,120.99,118.0,122.19,35359.41,424792.504,137.78,0,122.2,0,-27.550898203592816
103,688363.SH,2022-04-01,119.36,120.2,116.6,122.19,28897.94,345596.379,137.43,0,122.13,0,-28.02395209580838
104,688363.SH,2022-04-06,119.8,116.63,116.11,119.8,24993.98,293250.693,137.02,0,121.91,0,-30.161676646706592
105,688363.SH,2022-04-07,116.03,113.71,113.6,118.18,17491.25,201422.384,136.56,0,121.59,0,-31.910179640718567
106,688363.SH,2022-04-08,113.71,109.26,109.0,114.68,23499.9,261414.917,136.02,0,121.1,0,-34.57485029940119
107,688363.SH,2022-04-11,107.5,103.0,102.67,108.45,30489.34,318625.078,135.37,0,120.39,0,-38.32335329341318
108,688363.SH,2022-04-12,102.75,105.8,101.59,106.56,29884.7,310212.454,134.78,0,119.82,0,-36.64670658682635
109,688363.SH,2022-04-13,105.01,102.5,102.0,105.5,22246.66,230587.706,134.14,0,119.14,0,-38.622754491017965
110,688363.SH,2022-04-14,103.6,114.68,103.6,117.49,54923.12,611331.942,133.76,0,118.97,0,-31.329341317365266
111,688363.SH,2022-04-15,112.48,116.0,111.3,116.66,33127.83,382275.532,133.4,0,118.85,0,-30.538922155688624
112,688363.SH,2022-04-18,113.5,119.43,113.0,120.0,32568.31,382605.782,133.13,0,118.87,1,-28.485029940119755
113,688363.SH,2022-04-19,120.14,115.05,114.81,120.3,29233.08,341354.404,132.77,0,118.72,0,-31.107784431137723
114,688363.SH,2022-04-20,115.33,117.43,114.0,121.0,35237.18,416131.127,132.47,0,118.67,0,-29.682634730538922
115,688363.SH,2022-04-21,115.66,122.96,115.66,124.5,61250.0,749784.473,132.28,0,118.84,1,-26.371257485029943
116,688363.SH,2022-04-22,121.0,121.62,119.25,125.0,43264.44,526769.32,132.07,0,118.95,0,-27.173652694610777
117,688363.SH,2022-04-25,118.0,116.3,115.88,123.33,38741.85,463265.869,131.75,0,118.85,0,-30.359281437125752
118,688363.SH,2022-04-26,119.95,125.7,119.52,129.81,74197.66,932683.931,131.63,0,119.12,0,-24.730538922155688
119,688363.SH,2022-04-27,125.0,129.9,123.99,129.9,58645.29,747593.727,131.6,0,119.54,0,-22.215568862275443
120,688363.SH,2022-04-28,128.83,130.0,127.0,132.78,45875.92,596511.428,131.57,0,119.95,0,-22.15568862275449
121,688363.SH,2022-04-29,130.02,135.5,127.96,138.8,55595.82,745196.717,131.65,1,120.56,0,-18.862275449101794
122,688363.SH,2022-05-05,133.0,133.0,130.38,135.84,35812.5,476442.588,131.67,1,121.05,0,-20.35928143712575
123,688363.SH,2022-05-06,129.01,128.55,127.5,134.85,32859.59,429677.67,131.61,0,121.34,0,-23.023952095808376
124,688363.SH,2022-05-09,128.0,122.99,119.98,130.53,48855.27,608162.322,131.44,0,121.41,1,-26.353293413173656
125,688363.SH,2022-05-10,120.46,126.0,120.01,127.16,41625.76,519691.403,131.33,0,121.59,1,-24.550898203592812
126,688363.SH,2022-05-11,125.99,126.7,124.05,129.99,46164.84,587424.356,131.24,0,121.79,0,-24.131736526946106
127,688363.SH,2022-05-12,126.7,129.27,125.66,132.3,42394.56,546853.672,131.2,0,122.08,0,-22.59281437125748
128,688363.SH,2022-05-13,130.88,126.88,125.8,131.5,31035.03,396389.976,131.12,0,122.27,0,-24.023952095808383
129,688363.SH,2022-05-16,128.01,125.05,124.33,130.98,34434.39,437810.86,131.0,0,122.38,0,-25.11976047904192
130,688363.SH,2022-05-17,124.86,127.88,121.51,128.21,43612.37,548352.645,130.93,0,122.59,1,-23.425149700598805
131,688363.SH,2022-05-18,127.58,125.6,125.35,130.12,29428.37,375511.519,130.83,0,122.71,0,-24.79041916167665
132,688363.SH,2022-05-19,124.0,124.89,122.3,126.4,26395.85,327385.419,130.71,0,122.8,1,-25.21556886227545
133,688363.SH,2022-05-20,125.03,137.19,124.9,137.27,69425.57,924270.642,130.84,1,123.36,0,-17.850299401197606
134,688363.SH,2022-05-23,137.2,139.31,135.03,139.98,47953.98,662009.14,131.01,0,123.99,0,-16.58083832335329
135,688363.SH,2022-05-24,138.0,131.94,131.94,138.99,45153.44,608191.783,131.03,0,124.3,0,-20.994011976047904
136,688363.SH,2022-05-25,131.03,133.95,130.89,134.98,34544.39,458992.933,131.08,1,124.68,0,-19.790419161676652
137,688363.SH,2022-05-26,133.93,134.85,130.1,135.79,30558.3,406990.53,131.16,1,125.08,0,-19.25149700598803
138,688363.SH,2022-05-27,135.8,137.4,135.8,139.93,42007.64,580888.327,131.28,0,125.56,0,-17.72455089820359
139,688363.SH,2022-05-30,143.0,139.73,138.0,144.99,50327.52,712985.088,131.45,0,126.11,0,-16.329341317365277
140,688363.SH,2022-05-31,138.66,147.18,138.01,147.48,67305.83,973818.371,131.76,0,126.94,0,-11.868263473053888
141,688363.SH,2022-06-01,145.95,146.41,144.38,147.96,30080.95,439134.007,132.05,0,127.7,0,-12.329341317365273
142,688363.SH,2022-06-02,146.0,148.94,143.83,149.8,36737.69,540362.779,132.39,0,128.54,0,-10.81437125748503
143,688363.SH,2022-06-06,145.5,143.11,141.37,148.66,70198.91,1009319.323,132.6,0,129.11,0,-14.305389221556878
144,688363.SH,2022-06-07,143.2,147.32,142.31,150.5,51810.29,762888.1,132.89,0,129.82,0,-11.784431137724555
145,688363.SH,2022-06-08,145.55,147.0,143.1,149.3,45835.34,670146.585,133.17,0,130.5,0,-11.976047904191617
146,688363.SH,2022-06-09,146.0,141.6,139.2,148.34,55551.51,791170.875,133.34,0,130.93,0,-15.209580838323355
147,688363.SH,2022-06-10,140.73,140.51,140.2,143.68,49448.02,701034.931,133.48,0,131.31,0,-15.862275449101801
148,688363.SH,2022-06-13,139.0,140.9,138.51,142.6,37549.3,525302.835,133.62,0,131.68,0,-15.628742514970057
149,688363.SH,2022-06-14,138.9,140.3,136.5,141.21,31705.37,439687.892,133.76,0,132.02,0,-15.988023952095801
150,688363.SH,2022-06-15,141.3,138.5,137.38,144.3,40578.03,568577.295,133.85,0,132.28,0,-17.065868263473057
151,688363.SH,2022-06-16,138.06,143.32,138.06,145.98,43904.66,630254.387,134.04,0,132.71,0,-14.179640718562878
152,688363.SH,2022-06-17,142.41,148.29,140.5,149.49,46576.06,678377.745,134.32,0,133.32,0,-11.203592814371262
153,688363.SH,2022-06-20,148.3,149.14,148.3,154.05,51679.84,780149.089,134.61,0,133.94,0,-10.69461077844312
154,688363.SH,2022-06-21,149.47,147.52,145.8,151.26,25322.23,375600.453,134.87,0,134.47,0,-11.664670658682628
155,688363.SH,2022-06-22,148.0,145.84,145.45,150.38,25599.44,377664.967,135.09,0,134.92,0,-12.670658682634727
156,688363.SH,2022-06-23,144.86,148.43,144.86,148.82,24218.55,356424.324,135.35,0,135.45,0,-11.119760479041913
157,688363.SH,2022-06-24,149.1,136.24,132.01,149.58,117911.44,1659164.656,135.37,1,135.48,1,-18.419161676646702
158,688363.SH,2022-06-27,138.59,140.99,137.99,142.09,65843.71,921892.674,135.48,0,135.7,0,-15.574850299401191
159,688363.SH,2022-06-28,141.8,137.86,135.5,141.93,47171.21,647601.607,135.53,1,135.78,1,-17.449101796407177
160,688363.SH,2022-06-29,138.0,136.78,136.36,141.3,36387.39,505498.945,135.55,0,135.82,0,-18.095808383233532
161,688363.SH,2022-06-30,136.59,142.18,136.59,144.49,52063.27,737575.805,135.68,0,136.07,0,-14.86227544910179
162,688363.SH,2022-07-01,143.14,139.43,138.3,143.68,32575.71,455207.29,135.76,0,136.2,0,-16.508982035928142
163,688363.SH,2022-07-04,139.3,140.78,136.79,142.3,31082.18,435776.327,135.86,0,136.38,0,-15.700598802395207
164,688363.SH,2022-07-05,140.68,137.05,134.88,140.69,37702.99,516667.291,135.88,1,136.41,1,-17.93413173652694
165,688363.SH,2022-07-06,135.34,134.92,134.0,138.88,28361.2,386708.559,135.86,0,136.35,0,-19.20958083832336
166,688363.SH,2022-07-07,134.4,135.1,131.68,135.76,22384.74,299878.192,135.85,0,136.3,0,-19.10179640718563
167,688363.SH,2022-07-08,135.8,135.68,135.13,137.75,19912.6,271630.518,135.84,0,136.27,0,-18.754491017964067
168,688363.SH,2022-07-11,133.42,130.87,128.25,135.68,33880.55,442561.707,135.74,0,136.06,0,-21.634730538922152
169,688363.SH,2022-07-12,130.61,128.91,128.9,131.79,19716.27,256305.718,135.61,0,135.78,0,-22.808383233532936
170,688363.SH,2022-07-13,129.7,136.26,129.05,136.66,40299.77,539539.924,135.62,1,135.8,1,-18.40718562874252
171,688363.SH,2022-07-14,135.2,137.0,135.2,139.73,41080.82,565742.928,135.65,1,135.85,1,-17.964071856287426
172,688363.SH,2022-07-15,135.52,135.66,134.88,138.51,23854.18,326342.81,135.65,1,135.84,0,-18.766467065868262
173,688363.SH,2022-07-18,135.64,138.2,131.01,138.99,26599.24,362795.649,135.7,1,135.93,1,-17.245508982035933
174,688363.SH,2022-07-19,137.0,136.24,135.01,138.15,15776.86,215115.739,135.71,1,135.95,1,-18.419161676646702
175,688363.SH,2022-07-20,136.99,152.72,136.91,155.0,98826.76,1476059.827,136.05,0,136.6,0,-8.550898203592814
176,688363.SH,2022-07-21,154.0,153.5,152.0,156.3,60223.28,927306.496,136.39,0,137.27,0,-8.08383233532934
177,688363.SH,2022-07-22,154.88,150.86,150.03,157.5,40077.1,615146.643,136.68,0,137.8,0,-9.664670658682626
178,688363.SH,2022-07-25,150.8,150.98,148.59,153.7,23459.78,353483.988,136.96,0,138.32,0,-9.592814371257491
179,688363.SH,2022-07-26,151.5,152.0,148.88,154.54,31440.29,477401.644,137.26,0,138.85,0,-8.982035928143713
180,688363.SH,2022-07-27,153.61,160.89,153.61,164.66,62147.75,996228.143,137.73,0,139.72,0,-3.658682634730547
181,688363.SH,2022-07-28,160.9,162.02,157.95,164.55,36574.82,593855.876,138.21,0,140.59,0,-2.9820359281437065
182,688363.SH,2022-07-29,162.0,159.23,156.83,162.5,30887.77,493560.279,138.63,0,141.32,0,-4.652694610778449
183,688363.SH,2022-08-01,158.5,156.2,154.2,159.23,29193.62,457876.032,138.97,0,141.91,0,-6.4670658682634805
184,688363.SH,2022-08-02,153.01,151.0,148.62,155.85,49556.13,752227.089,139.21,0,142.26,0,-9.580838323353294
185,688363.SH,2022-08-03,153.52,153.57,148.51,156.5,38435.6,586295.349,139.5,0,142.71,0,-8.041916167664674
186,688363.SH,2022-08-04,152.1,150.09,148.06,154.3,25337.57,381113.606,139.71,0,143.0,0,-10.12574850299401
187,688363.SH,2022-08-05,150.09,154.5,149.99,155.5,25951.77,398527.257,140.0,0,143.45,0,-7.48502994011976
188,688363.SH,2022-08-08,153.33,150.48,150.15,156.8,26449.71,403587.486,140.21,0,143.72,0,-9.89221556886228
189,688363.SH,2022-08-09,149.5,150.45,146.0,151.81,21543.66,321335.507,140.41,0,143.99,0,-9.91017964071857
190,688363.SH,2022-08-10,148.81,145.09,143.66,150.83,42626.41,620636.052,140.5,0,144.03,1,-13.119760479041915
191,688363.SH,2022-08-11,146.44,148.94,144.47,150.47,31563.63,466626.544,140.67,0,144.22,0,-10.81437125748503
192,688363.SH,2022-08-12,148.07,147.73,146.19,149.98,19924.59,294215.722,140.81,0,144.36,0,-11.53892215568863
193,688363.SH,2022-08-15,148.88,146.18,141.8,148.88,33490.35,483477.579,140.92,0,144.43,1,-12.467065868263468
194,688363.SH,2022-08-16,145.41,143.57,143.09,145.6,20224.25,291460.344,140.97,0,144.4,0,-14.029940119760484
195,688363.SH,2022-08-17,143.4,146.99,142.1,147.36,28457.52,414214.456,141.09,0,144.5,1,-11.982035928143707
196,688363.SH,2022-08-18,146.3,140.8,140.22,146.3,33298.72,473119.447,141.08,0,144.35,0,-15.68862275449101
197,688363.SH,2022-08-19,139.24,140.01,139.06,142.8,18666.24,263161.56,141.06,0,144.18,0,-16.161676646706592
198,688363.SH,2022-08-22,140.0,141.21,137.11,142.33,13900.93,195244.661,141.06,1,144.07,0,-15.443113772455085
199,688363.SH,2022-08-23,140.5,136.51,136.1,141.99,31135.25,427482.173,140.97,0,143.77,0,-18.257485029940128
200,688363.SH,2022-08-24,135.64,136.07,135.64,139.77,25915.28,356851.176,140.88,0,143.47,0,-18.52095808383234
201,688363.SH,2022-08-25,135.52,138.0,135.52,140.5,21586.47,298586.128,140.82,0,143.25,0,-17.365269461077844
202,688363.SH,2022-08-26,138.0,141.88,137.88,146.5,40122.61,574986.467,140.84,1,143.2,0,-15.041916167664674
203,688363.SH,2022-08-29,139.95,141.97,137.2,142.68,29195.44,410465.723,140.86,1,143.15,0,-14.988023952095809
204,688363.SH,2022-08-30,141.74,145.43,141.05,146.0,30795.56,443254.814,140.95,0,143.24,1,-12.916167664670656
205,688363.SH,2022-08-31,143.85,143.05,142.0,147.48,26891.1,388220.715,140.99,0,143.23,0,-14.341317365269454
206,688363.SH,2022-09-01,143.0,139.96,139.38,144.0,18348.69,259764.654,140.97,0,143.11,0,-16.191616766467064
207,688363.SH,2022-09-02,140.66,141.48,140.1,144.17,17921.91,254542.156,140.98,1,143.04,0,-15.281437125748509
208,688363.SH,2022-09-05,140.31,137.88,137.39,141.99,15839.26,218914.437,140.92,0,142.84,0,-17.437125748502996
209,688363.SH,2022-09-06,138.01,137.78,136.51,139.7,16192.97,222795.718,140.86,0,142.64,0,-17.49700598802395
210,688363.SH,2022-09-07,137.0,136.89,135.07,138.5,15690.78,214384.603,140.78,0,142.42,0,-18.029940119760486
211,688363.SH,2022-09-08,137.9,139.13,135.72,140.45,20754.12,287498.073,140.75,0,142.29,0,-16.68862275449102
212,688363.SH,2022-09-09,139.17,140.8,138.51,143.4,26808.18,378545.25,140.75,1,142.23,0,-15.68862275449101
213,688363.SH,2022-09-13,140.03,141.36,138.54,142.48,17467.97,246978.269,140.76,1,142.19,0,-15.353293413173644
214,688363.SH,2022-09-14,139.32,141.3,139.01,141.8,14310.11,200674.641,140.77,1,142.16,0,-15.38922155688622
215,688363.SH,2022-09-15,142.0,143.3,141.38,148.17,34819.7,503775.539,140.82,0,142.2,1,-14.191616766467058
216,688363.SH,2022-09-16,145.0,140.23,140.0,145.5,25564.27,363561.966,140.81,0,142.13,0,-16.029940119760486
217,688363.SH,2022-09-19,140.22,121.05,120.0,141.0,70190.57,890440.995,140.42,0,141.3,0,-27.51497005988024
218,688363.SH,2022-09-20,121.2,128.79,121.2,130.66,49893.18,635440.495,140.19,0,140.81,0,-22.88023952095809
219,688363.SH,2022-09-21,131.75,129.78,129.55,135.9,46812.14,622760.814,139.98,0,140.38,0,-22.2874251497006
220,688363.SH,2022-09-22,129.56,128.5,124.55,130.5,22284.04,283985.678,139.76,0,139.91,0,-23.053892215568865
221,688363.SH,2022-09-23,128.81,126.3,126.0,128.97,15453.7,196136.226,139.49,0,139.38,0,-24.371257485029943
222,688363.SH,2022-09-26,124.2,128.88,124.19,130.99,20817.5,269240.068,139.28,0,138.97,0,-22.826347305389223
223,688363.SH,2022-09-27,129.0,134.02,128.33,135.0,22447.69,296571.682,139.18,0,138.77,0,-19.74850299401197
224,688363.SH,2022-09-28,133.69,133.0,131.89,136.48,18768.68,250786.453,139.05,0,138.55,0,-20.35928143712575
225,688363.SH,2022-09-29,133.52,132.0,130.88,136.8,18596.36,248322.97,138.91,0,138.29,0,-20.958083832335326
226,688363.SH,2022-09-30,131.41,131.0,130.49,134.2,14359.11,189770.539,138.76,0,138.0,0,-21.55688622754491
227,688363.SH,2022-10-10,133.0,127.73,127.37,134.71,23208.17,303862.865,138.54,0,137.6,0,-23.514970059880234
228,688363.SH,2022-10-11,127.85,127.47,126.2,129.79,15225.89,194816.511,138.32,0,137.2,0,-23.67065868263473
229,688363.SH,2022-10-12,128.5,127.66,122.7,128.5,17689.95,220555.03,138.11,0,136.83,0,-23.55688622754491
230,688363.SH,2022-10-13,126.88,128.5,125.29,132.1,17777.56,231224.674,137.92,0,136.5,0,-23.053892215568865
231,688363.SH,2022-10-14,129.98,133.33,129.09,136.34,25093.03,334788.311,137.83,0,136.38,0,-20.16167664670658
232,688363.SH,2022-10-17,133.01,132.38,130.38,134.34,18804.52,248747.718,137.72,0,136.22,0,-20.73053892215569
233,688363.SH,2022-10-18,133.6,130.61,130.51,133.6,20933.9,274884.29,137.58,0,136.0,0,-21.79041916167664
234,688363.SH,2022-10-19,130.03,128.0,128.0,130.99,13444.55,173529.268,137.39,0,135.69,0,-23.353293413173652
235,688363.SH,2022-10-20,127.01,125.51,124.73,132.8,29911.03,381152.662,137.15,0,135.29,0,-24.844311377245507
236,688363.SH,2022-10-21,124.7,122.8,121.46,126.03,20024.61,246701.695,136.87,0,134.8,0,-26.46706586826347
237,688363.SH,2022-10-24,121.0,113.2,112.34,122.69,42740.69,492503.386,136.4,0,133.95,0,-32.21556886227545
238,688363.SH,2022-10-25,112.54,111.7,109.66,114.28,30581.95,341262.214,135.91,0,133.08,0,-33.113772455089816
239,688363.SH,2022-10-26,111.88,118.31,111.71,118.5,39228.28,459254.445,135.56,0,132.5,0,-29.15568862275449
240,688363.SH,2022-10-27,118.0,116.09,115.47,118.3,21960.98,256416.841,135.18,0,131.86,0,-30.485029940119755
241,688363.SH,2022-10-28,114.8,113.15,112.68,116.88,21997.9,251603.297,134.74,0,131.12,0,-32.24550898203592
242,688363.SH,2022-10-31,110.05,105.99,104.85,112.02,46956.1,502548.91,134.17,0,130.14,0,-36.532934131736525
243,688363.SH,2022-11-01,105.53,112.7,104.59,112.75,40940.61,444594.228,133.75,0,129.45,0,-32.51497005988024
244,688363.SH,2022-11-02,110.5,112.11,110.0,117.2,35899.63,406494.342,133.32,0,128.77,0,-32.868263473053894
245,688363.SH,2022-11-03,108.8,110.88,108.08,112.45,39390.52,434830.005,132.87,0,128.07,0,-33.60479041916168
246,688363.SH,2022-11-04,110.01,115.58,109.96,117.5,42436.66,485013.032,132.53,0,127.58,0,-30.790419161676645
247,688363.SH,2022-11-07,109.97,109.46,106.51,110.5,105971.92,1150054.166,132.07,0,126.87,0,-34.455089820359284
248,688363.SH,2022-11-08,108.36,109.05,107.8,109.58,44786.12,487107.439,131.62,0,126.17,0,-34.70059880239521
249,688363.SH,2022-11-09,108.8,107.98,107.89,109.95,38044.3,414264.271,131.15,0,125.46,0,-35.34131736526946
250,688363.SH,2022-11-10,107.53,106.68,105.59,108.29,35745.87,382660.092,130.67,0,124.72,0,-36.119760479041915
251,688363.SH,2022-11-11,109.7,107.03,106.53,110.12,48072.75,519839.791,130.2,0,124.03,0,-35.91017964071857
252,688363.SH,2022-11-14,107.1,106.49,105.88,108.1,36273.27,388550.723,129.73,0,123.34,0,-36.23353293413174
253,688363.SH,2022-11-15,106.5,111.75,104.9,112.99,68195.69,747098.184,129.37,0,122.89,0,-33.08383233532935
254,688363.SH,2022-11-16,111.85,113.39,111.85,116.79,67444.68,772381.396,129.06,0,122.51,0,-32.10179640718563
255,688363.SH,2022-11-17,112.71,113.46,111.0,115.47,41764.8,472376.627,128.75,0,122.16,0,-32.05988023952096
256,688363.SH,2022-11-18,113.51,114.48,111.83,116.6,52479.15,602003.645,128.46,0,121.86,0,-31.44910179640718
257,688363.SH,2022-11-21,111.52,110.17,108.02,111.99,36674.21,403417.139,128.1,0,121.4,0,-34.029940119760475
258,688363.SH,2022-11-22,109.18,108.1,107.7,110.99,23236.62,253997.77,127.71,0,120.88,0,-35.26946107784432
259,688363.SH,2022-11-23,107.81,108.48,106.01,108.99,22974.83,246312.154,127.33,0,120.39,0,-35.04191616766467
260,688363.SH,2022-11-24,108.12,108.33,107.33,109.17,17082.36,184871.415,126.95,0,119.92,0,-35.13173652694611
261,688363.SH,2022-11-25,108.09,107.35,106.3,108.42,13778.71,147826.453,126.56,0,119.43,0,-35.718562874251504
262,688363.SH,2022-11-28,105.1,106.21,104.18,106.85,32007.64,336021.244,126.16,0,118.91,0,-36.401197604790426
263,688363.SH,2022-11-29,106.21,111.38,106.21,111.88,64220.68,706906.299,125.87,0,118.61,0,-33.305389221556894
264,688363.SH,2022-11-30,111.8,108.4,107.3,112.29,38601.98,422200.959,125.52,0,118.21,0,-35.08982035928143
265,688363.SH,2022-12-01,111.8,112.35,110.58,115.47,78177.67,882259.817,125.26,0,117.98,0,-32.724550898203596
266,688363.SH,2022-12-02,111.94,111.15,110.4,114.44,58261.53,653928.695,124.98,0,117.71,0,-33.443113772455085
267,688363.SH,2022-12-05,113.68,115.55,112.17,117.31,103648.19,1195178.648,124.79,0,117.63,0,-30.808383233532936
268,688363.SH,2022-12-06,115.0,122.72,114.99,125.5,103936.04,1271264.021,124.75,0,117.83,1,-26.514970059880238
269,688363.SH,2022-12-07,122.48,124.53,120.79,125.79,63538.77,789592.587,124.75,0,118.09,0,-25.431137724550894
270,688363.SH,2022-12-08,124.0,127.11,122.2,128.49,64349.14,813132.794,124.79,1,118.45,0,-23.88622754491018
271,688363.SH,2022-12-09,126.51,125.56,123.3,127.1,46355.75,579243.396,124.81,1,118.72,0,-24.81437125748503
272,688363.SH,2022-12-12,124.0,122.15,122.0,125.15,32838.41,404629.254,124.76,0,118.86,0,-26.8562874251497
273,688363.SH,2022-12-13,122.0,125.4,121.88,128.66,45420.08,568935.966,124.77,1,119.11,0,-24.91017964071856
274,688363.SH,2022-12-14,125.0,129.3,123.6,130.88,43483.68,555992.324,124.86,1,119.51,0,-22.57485029940119
275,688363.SH,2022-12-15,130.1,128.39,128.39,132.94,42673.95,556600.7,124.93,0,119.86,0,-23.119760479041922
276,688363.SH,2022-12-16,126.83,128.99,126.82,130.3,28005.67,360028.234,125.01,0,120.22,0,-22.760479041916163
277,688363.SH,2022-12-19,128.0,125.98,125.2,130.38,28928.33,367055.636,125.03,0,120.45,0,-24.562874251497004
278,688363.SH,2022-12-20,125.1,122.8,122.08,127.0,30754.29,380396.392,124.98,0,120.54,0,-26.46706586826347
279,688363.SH,2022-12-21,123.01,124.2,123.0,126.23,18460.73,229938.426,124.97,0,120.68,0,-25.62874251497006
280,688363.SH,2022-12-22,124.31,130.69,124.31,132.8,47581.9,617571.545,125.08,1,121.07,0,-21.742514970059883
281,688363.SH,2022-12-23,129.33,129.83,128.08,132.48,23347.92,303619.283,125.18,0,121.42,0,-22.257485029940113
282,688363.SH,2022-12-26,129.88,129.94,127.55,131.98,29322.52,380325.04,125.27,0,121.75,0,-22.191616766467067
283,688363.SH,2022-12-27,130.98,137.99,129.22,139.36,67620.51,917058.606,125.52,0,122.39,0,-17.371257485029933
284,688363.SH,2022-12-28,136.0,135.99,134.56,139.35,43056.12,586909.558,125.73,0,122.92,0,-18.568862275449096
285,688363.SH,2022-12-29,134.83,135.49,134.02,137.6,32243.82,437068.878,125.92,0,123.42,0,-18.868263473053887
286,688363.SH,2022-12-30,136.0,135.28,131.5,137.0,29951.6,401624.156,126.11,0,123.88,0,-18.994011976047904
287,688363.SH,2023-01-03,135.4,130.5,126.23,136.4,68497.97,893078.377,126.2,0,124.14,0,-21.856287425149702
288,688363.SH,2023-01-04,129.0,129.87,127.68,132.31,38871.58,503525.015,126.27,0,124.36,0,-22.233532934131734
289,688363.SH,2023-01-05,130.66,133.83,129.05,135.32,43346.14,577802.802,126.42,0,124.74,0,-19.862275449101787
290,688363.SH,2023-01-06,133.21,131.48,131.3,135.0,37311.08,495409.651,126.52,0,125.0,0,-21.26946107784432
291,688363.SH,2023-01-09,132.8,132.87,129.58,134.33,34813.17,460559.498,126.64,0,125.31,0,-20.43712574850299
292,688363.SH,2023-01-10,132.0,134.2,131.52,135.81,31177.09,417699.674,126.79,0,125.66,0,-19.640718562874255
293,688363.SH,2023-01-11,133.1,133.99,132.2,136.27,27017.98,362390.591,126.94,0,125.98,0,-19.766467065868255
