ts_code,trade_date,open,close,low,high
002709.SZ,20221220,49.09,49.2,48.39,50.26
002709.SZ,20221219,48.93,49.58,48.85,51.2
002709.SZ,20221216,48.4,48.74,48.24,49.46
002709.SZ,20221215,48.06,49.01,46.63,49.29
002709.SZ,20221214,48.8,48.06,47.35,48.85
002709.SZ,20221213,50.3,48.45,48.12,50.37
002709.SZ,20221212,50.44,50.43,49.69,51.15
002709.SZ,20221209,51.3,50.52,50.28,51.81
002709.SZ,20221208,50.93,51.55,50.5,52.6
002709.SZ,20221207,49.01,51.32,49.0,51.8
002709.SZ,20221206,46.5,49.42,46.25,51.22
002709.SZ,20221205,48.01,46.75,46.38,48.3
002709.SZ,20221202,47.76,48.15,46.68,48.19
002709.SZ,20221201,46.0,47.83,45.95,48.9
002709.SZ,20221130,44.58,44.96,43.86,45.4
002709.SZ,20221129,43.31,44.47,43.28,44.85
002709.SZ,20221128,43.04,43.31,42.75,43.97
002709.SZ,20221125,45.43,44.08,44.0,45.55
002709.SZ,20221124,44.88,45.83,44.56,46.42
002709.SZ,20221123,43.86,44.3,43.5,44.64
002709.SZ,20221122,45.0,43.89,43.56,45.0
002709.SZ,20221121,44.7,44.91,44.01,45.28
002709.SZ,20221118,45.0,44.71,44.51,46.2
002709.SZ,20221117,46.35,45.18,44.33,46.36
002709.SZ,20221116,47.31,46.52,46.43,47.49
002709.SZ,20221115,46.06,47.49,45.32,47.74
002709.SZ,20221114,47.93,46.25,45.88,48.08
002709.SZ,20221111,48.65,47.93,47.7,49.1
002709.SZ,20221110,48.5,47.14,46.85,49.0
002709.SZ,20221109,49.6,48.9,48.8,50.49
002709.SZ,20221108,49.79,49.61,49.03,51.43
002709.SZ,20221107,48.08,48.89,48.01,49.72
002709.SZ,20221104,44.58,47.61,44.55,47.9
002709.SZ,20221103,44.0,44.44,43.89,44.95
002709.SZ,20221102,44.0,44.32,43.8,45.05
002709.SZ,20221101,42.2,44.26,41.77,44.26
002709.SZ,20221031,41.6,42.5,40.9,42.58
002709.SZ,20221028,43.69,42.0,41.9,43.72
002709.SZ,20221027,45.4,43.97,43.96,46.33
002709.SZ,20221026,46.0,45.31,44.72,46.37
002709.SZ,20221025,44.94,45.0,44.06,45.9
002709.SZ,20221024,46.86,45.21,44.7,47.39
002709.SZ,20221021,46.93,46.18,45.85,47.1
002709.SZ,20221020,47.68,47.1,46.48,48.0
002709.SZ,20221019,48.0,48.2,47.66,50.0
002709.SZ,20221018,48.65,48.2,47.82,49.12
002709.SZ,20221017,47.99,48.26,47.31,48.87
002709.SZ,20221014,48.53,48.49,47.49,49.0
002709.SZ,20221013,47.17,47.92,47.01,49.08
002709.SZ,20221012,45.61,47.94,45.0,47.94
002709.SZ,20221011,42.5,45.76,42.28,45.76
002709.SZ,20221010,44.2,41.6,41.41,44.67
002709.SZ,20220930,46.12,44.06,44.04,46.2
002709.SZ,20220929,44.99,46.08,44.31,46.46
002709.SZ,20220928,46.23,44.0,44.0,46.58
002709.SZ,20220927,46.45,46.6,45.14,47.21
002709.SZ,20220926,46.17,46.46,45.98,47.7
002709.SZ,20220923,47.12,46.63,45.87,47.18
002709.SZ,20220922,48.16,47.12,46.91,49.4
002709.SZ,20220921,46.86,48.0,46.33,48.26
002709.SZ,20220920,46.22,47.03,46.07,47.88
002709.SZ,20220919,44.78,45.99,44.61,46.8
002709.SZ,20220916,44.52,44.6,43.97,45.43
002709.SZ,20220915,47.0,45.01,44.7,47.32
002709.SZ,20220914,47.19,46.83,46.6,47.65
002709.SZ,20220913,48.66,48.15,48.0,48.9
002709.SZ,20220909,47.17,48.53,47.03,49.0
002709.SZ,20220908,48.68,47.27,47.24,48.79
002709.SZ,20220907,47.97,48.4,47.79,49.65
002709.SZ,20220906,47.66,48.26,46.56,48.68
002709.SZ,20220905,46.88,47.18,46.8,47.97
002709.SZ,20220902,47.03,47.14,46.9,48.1
002709.SZ,20220901,47.57,46.98,46.7,47.99
002709.SZ,20220831,49.83,47.55,47.32,49.98
002709.SZ,20220830,49.4,50.0,48.9,50.31
002709.SZ,20220829,49.5,49.38,48.8,50.12
002709.SZ,20220826,51.15,50.28,49.81,51.9
002709.SZ,20220825,52.76,50.89,49.56,53.0
002709.SZ,20220824,54.51,52.45,52.07,55.1
002709.SZ,20220823,53.6,54.51,53.4,56.0
002709.SZ,20220822,51.02,53.93,50.9,54.17
002709.SZ,20220819,54.8,51.75,51.75,54.9
002709.SZ,20220818,55.56,54.79,54.7,56.85
002709.SZ,20220817,57.5,55.6,55.0,57.55
002709.SZ,20220816,57.99,57.78,57.09,58.3
002709.SZ,20220815,55.1,57.7,55.08,57.99
002709.SZ,20220812,56.13,55.88,55.83,57.84
002709.SZ,20220811,52.54,56.2,51.51,56.46
002709.SZ,20220810,53.99,52.48,52.1,54.28
002709.SZ,20220809,52.3,54.02,51.38,54.98
002709.SZ,20220808,52.01,52.33,51.75,52.97
002709.SZ,20220805,51.99,52.66,51.12,52.7
002709.SZ,20220804,51.86,51.79,50.83,52.88
002709.SZ,20220803,54.01,51.57,51.4,54.33
002709.SZ,20220802,54.0,53.25,52.84,55.25
002709.SZ,20220801,52.0,55.0,51.97,55.0
002709.SZ,20220729,53.85,52.38,52.36,54.5
002709.SZ,20220728,55.55,53.88,53.27,55.96
002709.SZ,20220727,55.07,55.47,54.44,56.0
002709.SZ,20220726,54.38,55.07,53.78,56.21
002709.SZ,20220725,55.31,54.56,54.27,56.36
002709.SZ,20220722,56.6,55.31,54.31,56.88
002709.SZ,20220721,57.1,56.09,56.09,57.89
002709.SZ,20220720,58.51,57.48,57.1,58.8
002709.SZ,20220719,59.07,58.12,57.58,59.45
002709.SZ,20220718,60.29,59.06,58.22,60.68
002709.SZ,20220715,60.7,59.1,59.07,61.85
002709.SZ,20220714,59.99,60.47,59.22,62.0
002709.SZ,20220713,59.0,60.65,57.65,61.0
002709.SZ,20220712,61.11,58.01,56.72,61.65
002709.SZ,20220711,62.11,61.12,60.0,63.39
002709.SZ,20220708,65.51,62.51,62.51,65.95
002709.SZ,20220707,64.0,65.11,62.43,66.85
002709.SZ,20220706,66.19,64.66,63.3,66.19
002709.SZ,20220705,66.73,66.75,64.6,67.88
002709.SZ,20220704,62.08,66.0,62.08,66.83
002709.SZ,20220701,61.5,62.78,60.0,63.2
002709.SZ,20220630,61.88,62.06,61.6,64.38
002709.SZ,20220629,65.0,61.98,61.9,65.8
002709.SZ,20220628,63.5,65.95,62.8,66.36
002709.SZ,20220627,63.24,62.24,62.18,65.42
002709.SZ,20220624,60.59,62.89,59.0,64.4
002709.SZ,20220623,61.0,60.88,58.0,61.5
002709.SZ,20220622,57.98,60.57,57.98,61.35
002709.SZ,20220621,58.36,57.57,56.1,59.78
002709.SZ,20220620,57.76,58.98,57.0,62.35
002709.SZ,20220617,52.75,57.68,52.0,58.7
002709.SZ,20220616,51.3,53.44,51.27,54.15
002709.SZ,20220615,53.64,51.45,51.4,54.82
002709.SZ,20220614,48.99,53.16,48.5,53.64
002709.SZ,20220613,45.7,49.86,45.47,50.84
002709.SZ,20220610,43.93,46.6,43.51,47.12
002709.SZ,20220609,43.41,42.86,42.53,44.2
002709.SZ,20220608,44.0,44.25,42.78,44.96
002709.SZ,20220607,47.3,44.68,44.04,47.48
002709.SZ,20220606,42.0,45.58,41.9,45.58
002709.SZ,20220602,40.02,41.44,39.31,41.58
002709.SZ,20220601,38.05,40.05,36.8,40.13
002709.SZ,20220531,37.89,38.05,36.26,38.23
002709.SZ,20220530,38.03,37.91,37.4,38.6
002709.SZ,20220527,38.19,37.71,37.4,38.97
002709.SZ,20220526,38.61,37.86,37.5,38.73
002709.SZ,20220525,38.71,38.23,37.89,39.4
002709.SZ,20220524,41.09,38.86,38.75,41.09
002709.SZ,20220523,41.15,41.1,40.3,41.38
002709.SZ,20220520,41.6,41.1,40.61,41.9
002709.SZ,20220519,39.95,41.35,39.6,41.42
002709.SZ,20220518,38.86,40.76,38.61,42.3
002709.SZ,20220517,37.5,38.86,37.01,39.37
002709.SZ,20220516,38.6,37.48,37.4,39.0
002709.SZ,20220513,78.5,77.05,76.73,78.9
002709.SZ,20220512,78.0,77.89,76.81,78.73
002709.SZ,20220511,74.8,79.25,74.2,81.9
002709.SZ,20220510,73.48,74.49,71.45,75.3
002709.SZ,20220509,73.88,73.63,73.18,75.26
002709.SZ,20220506,72.64,73.35,72.15,75.14
002709.SZ,20220505,73.49,75.03,72.7,76.16
002709.SZ,20220429,72.41,74.92,70.01,75.16
002709.SZ,20220428,71.5,71.68,70.01,73.36
002709.SZ,20220427,66.31,72.19,65.38,72.85
002709.SZ,20220426,69.35,67.0,66.64,69.8
002709.SZ,20220425,71.76,68.96,68.9,73.31
002709.SZ,20220422,75.21,73.99,73.96,76.65
002709.SZ,20220421,78.44,76.66,76.4,79.9
002709.SZ,20220420,83.83,79.0,78.9,83.9
002709.SZ,20220419,82.99,83.2,82.47,84.8
002709.SZ,20220418,81.0,82.45,78.23,83.41
002709.SZ,20220415,85.19,81.55,80.16,85.4
002709.SZ,20220414,85.6,84.31,83.85,87.0
002709.SZ,20220413,86.19,84.28,84.18,87.79
002709.SZ,20220412,85.0,86.2,84.0,86.81
002709.SZ,20220411,88.73,85.45,85.01,88.73
002709.SZ,20220408,91.3,89.95,89.78,92.99
002709.SZ,20220407,91.51,91.56,90.18,93.32
002709.SZ,20220406,98.0,92.09,90.89,98.0
002709.SZ,20220401,93.11,96.02,92.96,98.38
002709.SZ,20220331,98.37,94.0,93.81,98.45
002709.SZ,20220330,96.55,99.17,95.02,99.95
002709.SZ,20220329,95.49,96.0,94.1,98.36
002709.SZ,20220328,94.8,93.69,92.56,97.53
002709.SZ,20220325,101.2,96.78,96.4,101.66
002709.SZ,20220324,101.5,101.0,97.85,102.0
002709.SZ,20220323,104.35,101.52,100.4,104.7
002709.SZ,20220322,107.09,103.48,102.06,107.09
002709.SZ,20220321,103.5,104.76,102.0,107.08
002709.SZ,20220318,103.9,102.88,101.32,105.95
002709.SZ,20220317,105.0,104.85,103.0,108.46
002709.SZ,20220316,99.47,101.12,96.77,102.0
002709.SZ,20220315,95.71,96.1,94.0,101.36
002709.SZ,20220314,96.6,95.76,95.69,98.0
002709.SZ,20220311,95.8,98.91,94.51,99.5
002709.SZ,20220310,95.48,96.31,92.81,96.31
002709.SZ,20220309,89.6,87.55,83.01,90.18
002709.SZ,20220308,89.46,89.1,86.27,91.83
002709.SZ,20220307,94.1,89.4,88.9,94.1
002709.SZ,20220304,96.18,94.5,94.0,98.82
002709.SZ,20220303,99.5,99.68,97.58,100.61
002709.SZ,20220302,104.25,99.64,98.48,104.87
002709.SZ,20220301,107.5,105.29,103.47,108.24
002709.SZ,20220228,101.98,106.19,101.01,106.8
002709.SZ,20220225,102.22,101.61,100.74,103.52
002709.SZ,20220224,99.0,100.58,98.3,103.45
002709.SZ,20220223,94.75,99.66,94.53,101.17
002709.SZ,20220222,93.59,94.98,92.31,95.85
002709.SZ,20220221,94.39,94.13,92.88,95.48
002709.SZ,20220218,96.87,94.0,93.59,97.01
002709.SZ,20220217,90.54,96.92,89.71,99.0
002709.SZ,20220216,91.9,90.54,89.15,91.9
002709.SZ,20220215,87.13,91.09,87.13,91.19
002709.SZ,20220214,86.7,87.2,86.01,88.75
002709.SZ,20220211,88.8,87.0,86.74,91.0
002709.SZ,20220210,92.8,89.5,88.72,92.91
002709.SZ,20220209,92.46,91.98,88.7,92.54
002709.SZ,20220208,96.51,91.84,90.02,96.99
002709.SZ,20220207,97.0,97.15,95.35,100.2
002709.SZ,20220128,97.5,94.22,93.18,99.0
002709.SZ,20220127,99.09,97.08,97.0,101.4
002709.SZ,20220126,98.86,98.08,97.0,100.86
002709.SZ,20220125,101.03,98.86,98.65,102.89
002709.SZ,20220124,97.0,101.0,96.18,102.66
002709.SZ,20220121,94.78,97.66,94.38,99.66
002709.SZ,20220120,95.23,95.74,94.33,96.8
002709.SZ,20220119,99.5,95.23,94.3,99.71
002709.SZ,20220118,105.0,99.35,97.77,105.0
002709.SZ,20220117,104.2,106.57,104.01,108.05
002709.SZ,20220114,101.52,105.33,101.52,106.6
002709.SZ,20220113,105.2,102.96,102.7,105.42
002709.SZ,20220112,103.5,105.2,102.8,105.6
002709.SZ,20220111,103.87,101.0,100.1,105.64
002709.SZ,20220110,105.26,103.44,102.0,105.88
002709.SZ,20220107,104.55,105.45,102.91,107.28
002709.SZ,20220106,104.04,104.8,102.9,105.81
002709.SZ,20220105,109.9,104.69,104.15,109.97
002709.SZ,20220104,117.52,111.4,110.7,118.0
002709.SZ,20211231,117.0,114.65,114.41,118.84
002709.SZ,20211230,118.06,116.35,116.22,119.6
002709.SZ,20211229,117.7,118.0,115.2,119.65
002709.SZ,20211228,113.2,117.88,112.2,118.45
002709.SZ,20211227,115.12,112.85,111.0,115.2
002709.SZ,20211224,118.7,113.05,110.81,119.0
002709.SZ,20211223,121.0,117.7,117.33,121.5
002709.SZ,20211222,120.33,119.87,119.75,121.91
002709.SZ,20211221,118.11,119.0,117.99,121.65
002709.SZ,20211220,121.6,118.11,116.3,121.87
002709.SZ,20211217,124.23,121.96,121.95,124.99
002709.SZ,20211216,124.36,124.69,122.5,125.37
002709.SZ,20211215,125.58,123.8,123.33,126.66
002709.SZ,20211214,123.89,124.75,122.11,125.9
002709.SZ,20211213,130.02,124.5,124.5,130.8
002709.SZ,20211210,126.5,129.6,126.0,130.65
002709.SZ,20211209,130.75,127.51,126.8,131.01
002709.SZ,20211208,127.07,131.19,127.02,134.2
002709.SZ,20211207,132.0,125.4,123.58,132.5
002709.SZ,20211206,133.52,131.59,131.0,136.07
002709.SZ,20211203,135.0,133.88,132.57,136.35
002709.SZ,20211202,136.2,135.4,133.77,137.08
002709.SZ,20211201,135.0,136.47,132.56,137.5
002709.SZ,20211130,137.51,135.0,134.44,138.5
002709.SZ,20211129,130.07,136.82,129.3,138.5
002709.SZ,20211126,130.79,133.96,130.55,137.11
002709.SZ,20211125,131.7,131.49,128.01,131.99
002709.SZ,20211124,136.3,131.02,130.2,137.73
002709.SZ,20211123,134.94,136.38,131.0,136.54
002709.SZ,20211122,129.0,134.91,129.0,135.35
002709.SZ,20211119,132.98,127.6,126.65,133.2
002709.SZ,20211118,134.0,132.3,129.4,134.66
002709.SZ,20211117,133.82,133.65,132.6,137.1
002709.SZ,20211116,134.5,131.83,130.72,135.99
002709.SZ,20211115,143.0,134.99,133.0,143.11
002709.SZ,20211112,144.03,144.7,142.15,146.5
002709.SZ,20211111,144.1,145.08,141.5,146.5
002709.SZ,20211110,150.98,146.03,138.68,151.02
002709.SZ,20211109,154.5,153.21,148.0,155.73
002709.SZ,20211108,144.0,154.29,142.2,157.17
002709.SZ,20211105,148.99,147.99,146.16,153.46
002709.SZ,20211104,150.12,146.51,144.6,153.85
002709.SZ,20211103,149.78,147.8,143.88,151.48
002709.SZ,20211102,155.0,152.0,149.1,155.01
002709.SZ,20211101,166.0,153.01,152.37,166.0
002709.SZ,20211029,163.95,164.93,159.0,167.87
002709.SZ,20211028,166.35,163.17,162.0,170.51
002709.SZ,20211027,154.01,162.1,151.01,164.78
002709.SZ,20211026,150.0,149.8,147.0,154.15
002709.SZ,20211025,134.49,145.91,133.62,146.0
002709.SZ,20211022,134.01,133.0,131.2,136.88
002709.SZ,20211021,141.99,136.59,132.0,141.99
002709.SZ,20211020,136.81,141.17,135.3,146.88
002709.SZ,20211019,134.56,138.87,134.01,139.5
002709.SZ,20211018,134.11,134.81,128.0,137.4
002709.SZ,20211015,130.0,135.15,126.6,136.1
002709.SZ,20211014,131.5,128.92,126.5,132.25
002709.SZ,20211013,131.91,133.37,129.28,134.0
002709.SZ,20211012,135.15,131.9,130.7,137.66
002709.SZ,20211011,136.99,137.76,126.01,139.16
002709.SZ,20211008,155.0,138.0,136.91,155.9
002709.SZ,20210930,140.0,152.12,138.59,152.12
002709.SZ,20210929,140.0,138.29,136.9,146.88
002709.SZ,20210928,147.54,140.3,139.0,150.1
002709.SZ,20210927,150.8,147.55,143.6,154.88
002709.SZ,20210924,144.0,150.08,141.6,156.87
002709.SZ,20210923,157.5,144.98,142.4,159.59
002709.SZ,20210922,152.0,155.22,150.01,156.16
002709.SZ,20210917,148.81,155.04,146.66,156.38
002709.SZ,20210916,147.5,148.8,146.01,155.0
002709.SZ,20210915,149.84,149.99,148.32,155.1
002709.SZ,20210914,141.0,148.28,137.01,154.0
002709.SZ,20210913,142.42,141.41,137.8,145.5
002709.SZ,20210910,140.55,142.89,137.46,144.54
002709.SZ,20210909,139.0,141.01,136.52,146.88
002709.SZ,20210908,141.85,138.08,136.32,142.5
002709.SZ,20210907,129.88,142.09,128.88,142.82
002709.SZ,20210906,125.38,130.4,119.35,132.31
002709.SZ,20210903,132.9,125.8,123.78,135.0
002709.SZ,20210902,127.8,134.0,127.5,134.51
002709.SZ,20210901,135.1,128.78,124.85,136.43
002709.SZ,20210831,136.1,136.21,132.85,138.1
002709.SZ,20210830,139.02,136.1,134.65,143.36
002709.SZ,20210827,134.23,139.21,133.63,140.79
002709.SZ,20210826,139.1,135.6,133.5,140.87
002709.SZ,20210825,143.59,139.1,135.47,145.96
002709.SZ,20210824,136.0,140.84,135.05,140.84
002709.SZ,20210823,128.0,128.04,124.1,130.0
002709.SZ,20210820,124.85,126.6,123.56,130.49
002709.SZ,20210819,116.47,124.8,114.02,126.0
002709.SZ,20210818,115.12,116.72,113.91,121.72
002709.SZ,20210817,114.18,113.67,112.8,117.95
002709.SZ,20210816,119.0,114.17,111.44,119.2
002709.SZ,20210813,120.0,119.61,119.0,127.84
002709.SZ,20210812,118.1,123.24,116.88,125.65
002709.SZ,20210811,119.46,119.69,113.8,120.54
002709.SZ,20210810,123.0,118.0,114.44,126.0
002709.SZ,20210809,121.01,124.7,116.09,128.4
002709.SZ,20210806,124.97,123.4,122.4,130.99
002709.SZ,20210805,117.99,120.85,114.0,123.24
002709.SZ,20210804,105.5,116.05,105.16,116.05
002709.SZ,20210803,107.6,105.5,101.53,108.58
002709.SZ,20210802,103.1,108.31,103.05,110.0
002709.SZ,20210730,104.0,100.94,99.0,105.8
002709.SZ,20210729,103.98,104.66,100.99,105.5
002709.SZ,20210728,92.88,101.08,92.88,101.45
002709.SZ,20210727,101.89,95.57,93.8,105.65
002709.SZ,20210726,105.2,103.0,99.8,109.48
002709.SZ,20210723,108.5,104.9,103.5,111.0
002709.SZ,20210722,103.11,103.24,100.14,104.56
002709.SZ,20210721,98.31,102.09,98.1,103.51
002709.SZ,20210720,93.3,96.85,92.4,97.79
002709.SZ,20210719,97.0,93.35,91.6,97.0
002709.SZ,20210716,104.8,98.99,98.8,105.88
002709.SZ,20210715,105.0,106.1,103.45,108.0
002709.SZ,20210714,115.0,106.9,106.56,115.22
002709.SZ,20210713,112.65,117.38,112.01,118.22
002709.SZ,20210712,113.0,112.61,108.33,116.34
002709.SZ,20210709,102.0,113.85,99.16,113.85
002709.SZ,20210708,107.14,103.5,103.5,110.79
002709.SZ,20210707,99.88,106.28,97.58,106.82
002709.SZ,20210706,105.24,101.82,97.81,106.36
002709.SZ,20210705,102.4,103.5,100.2,105.5
002709.SZ,20210702,100.0,100.96,100.0,104.25
002709.SZ,20210701,106.56,101.92,99.99,106.58
002709.SZ,20210630,104.67,106.58,102.91,107.99
002709.SZ,20210629,107.4,106.9,102.86,108.0
002709.SZ,20210628,103.97,104.94,101.35,106.8
002709.SZ,20210625,103.05,104.95,99.5,105.41
002709.SZ,20210624,107.12,102.8,101.78,107.6
002709.SZ,20210623,106.11,106.3,103.97,110.81
002709.SZ,20210622,101.0,106.01,98.08,108.5
002709.SZ,20210621,103.0,99.57,97.31,103.8
002709.SZ,20210618,92.0,99.77,90.71,99.77
002709.SZ,20210617,85.15,90.7,84.87,92.02
002709.SZ,20210616,96.31,88.1,88.1,97.31
002709.SZ,20210615,100.5,97.89,96.31,102.8
002709.SZ,20210611,99.76,99.0,96.34,101.53
002709.SZ,20210610,92.65,100.7,92.38,100.7
002709.SZ,20210609,92.93,93.15,89.74,93.98
002709.SZ,20210608,95.5,93.38,89.95,100.48
002709.SZ,20210607,95.85,95.93,93.61,97.29
002709.SZ,20210604,92.8,97.8,91.6,99.88
002709.SZ,20210603,88.79,92.92,87.12,97.03
002709.SZ,20210602,90.12,90.34,88.54,91.88
002709.SZ,20210601,91.3,89.66,86.58,91.3
002709.SZ,20210531,89.0,93.46,88.0,94.1
002709.SZ,20210528,83.8,87.36,81.25,88.0
002709.SZ,20210527,76.94,80.0,75.05,80.0
002709.SZ,20210526,77.79,75.46,75.0,78.1
002709.SZ,20210525,78.11,77.01,74.6,78.5
002709.SZ,20210524,77.0,76.99,75.01,77.9
002709.SZ,20210521,76.51,77.55,76.38,79.23
002709.SZ,20210520,75.21,75.7,74.55,77.26
002709.SZ,20210519,70.66,75.7,70.5,77.88
002709.SZ,20210518,70.0,71.9,68.89,72.9
002709.SZ,20210517,63.37,69.26,63.0,69.26
002709.SZ,20210514,62.23,62.96,60.2,63.2
002709.SZ,20210513,62.48,61.8,60.9,62.73
002709.SZ,20210512,62.5,63.7,61.72,64.16
002709.SZ,20210511,62.32,63.14,61.34,63.5
002709.SZ,20210510,61.87,63.6,61.15,64.68
002709.SZ,20210507,63.65,62.3,62.08,65.14
002709.SZ,20210506,67.91,64.96,61.68,68.69
002709.SZ,20210430,64.0,67.4,63.6,68.5
002709.SZ,20210429,63.5,64.2,63.01,64.91
002709.SZ,20210428,60.88,64.33,59.4,64.62
002709.SZ,20210427,62.01,62.47,59.92,64.8
002709.SZ,20210426,105.57,104.68,103.3,108.21
002709.SZ,20210423,103.5,105.43,102.98,106.75
002709.SZ,20210422,103.14,103.1,100.92,104.4
002709.SZ,20210421,101.05,100.7,100.0,102.5
002709.SZ,20210420,97.59,100.04,97.18,104.2
002709.SZ,20210419,88.9,97.02,88.9,97.02
002709.SZ,20210416,90.49,88.2,85.0,90.8
002709.SZ,20210415,87.0,89.87,86.0,90.55
002709.SZ,20210414,84.3,87.93,84.2,89.45
002709.SZ,20210413,83.49,83.14,82.2,85.4
002709.SZ,20210412,86.39,82.45,81.37,89.49
002709.SZ,20210409,88.22,87.91,86.7,90.76
002709.SZ,20210408,87.49,87.85,86.8,89.16
002709.SZ,20210407,87.47,88.25,84.51,89.21
002709.SZ,20210406,86.61,87.67,86.5,88.91
002709.SZ,20210402,85.05,85.75,84.58,88.5
002709.SZ,20210401,81.37,84.97,81.35,88.0
002709.SZ,20210331,82.6,81.61,80.04,84.23
002709.SZ,20210330,81.11,82.21,80.23,83.88
002709.SZ,20210329,81.09,81.11,80.08,83.38
002709.SZ,20210326,77.42,82.5,75.43,83.8
002709.SZ,20210325,73.0,77.72,72.0,77.72
002709.SZ,20210324,74.12,70.65,70.2,75.33
002709.SZ,20210323,85.17,76.03,76.03,85.29
002709.SZ,20210322,84.1,84.48,82.1,85.99
002709.SZ,20210319,91.01,83.99,83.85,91.29
002709.SZ,20210318,95.8,93.17,91.92,96.38
002709.SZ,20210317,84.45,92.93,82.77,92.93
002709.SZ,20210316,85.1,84.48,83.0,86.79
002709.SZ,20210315,89.5,85.05,83.51,89.5
002709.SZ,20210312,89.17,90.62,85.74,91.9
002709.SZ,20210311,88.61,88.82,88.0,90.8
002709.SZ,20210310,86.0,88.6,85.01,90.88
002709.SZ,20210309,86.05,83.9,79.61,86.8
002709.SZ,20210308,91.2,87.25,86.69,92.2
002709.SZ,20210305,87.01,89.9,86.01,93.5
002709.SZ,20210304,92.63,89.66,88.0,92.69
002709.SZ,20210303,92.97,93.07,89.49,93.89
002709.SZ,20210302,91.0,94.29,89.0,95.75
002709.SZ,20210301,84.31,89.41,84.31,91.26
002709.SZ,20210226,83.0,83.2,80.08,85.5
002709.SZ,20210225,86.1,86.25,84.0,87.4
002709.SZ,20210224,87.0,85.08,84.2,90.18
002709.SZ,20210223,91.7,88.0,85.66,91.7
002709.SZ,20210222,92.73,93.11,89.0,95.92
002709.SZ,20210219,92.5,92.73,90.04,93.28
002709.SZ,20210218,102.0,93.3,91.01,103.49
002709.SZ,20210210,102.8,100.0,98.75,102.8
002709.SZ,20210209,98.99,102.0,98.11,103.89
002709.SZ,20210208,96.52,98.99,92.0,99.3
002709.SZ,20210205,96.49,96.99,95.64,100.68
002709.SZ,20210204,102.48,96.14,94.2,104.75
002709.SZ,20210203,103.3,103.84,101.01,106.35
002709.SZ,20210202,95.57,103.19,95.16,103.33
002709.SZ,20210201,94.47,94.2,93.5,97.17
002709.SZ,20210129,98.1,95.37,91.0,100.78
002709.SZ,20210128,99.7,96.93,95.82,100.96
002709.SZ,20210127,103.0,102.96,98.3,104.9
002709.SZ,20210126,115.01,103.11,103.11,115.98
002709.SZ,20210125,116.01,114.57,112.63,123.58
002709.SZ,20210122,109.15,115.58,108.0,117.3
002709.SZ,20210121,103.5,108.91,102.52,109.58
002709.SZ,20210120,104.0,105.11,102.3,108.4
002709.SZ,20210119,106.0,103.7,102.11,108.45
002709.SZ,20210118,109.0,110.0,105.0,112.56
002709.SZ,20210115,100.0,111.35,99.41,111.35
002709.SZ,20210114,103.88,101.23,98.11,105.6
002709.SZ,20210113,106.8,106.3,101.78,113.57
002709.SZ,20210112,102.0,105.5,96.61,108.08
002709.SZ,20210111,109.6,106.02,106.02,113.0
002709.SZ,20210108,117.2,117.8,110.5,118.53
002709.SZ,20210107,112.0,115.35,110.03,117.0
002709.SZ,20210106,117.49,112.36,108.0,117.7
002709.SZ,20210105,113.0,117.7,109.01,118.85
002709.SZ,20210104,106.88,114.03,106.88,114.14
002709.SZ,20201231,99.0,103.8,98.91,104.49
002709.SZ,20201230,101.64,101.45,99.37,105.0
002709.SZ,20201229,99.8,100.0,95.5,102.5
002709.SZ,20201228,103.2,100.89,98.0,103.5
002709.SZ,20201225,96.7,102.1,96.28,103.2
002709.SZ,20201224,98.93,97.2,96.44,101.59
002709.SZ,20201223,97.98,98.93,96.76,101.78
002709.SZ,20201222,104.95,97.98,97.5,105.3
002709.SZ,20201221,100.94,106.0,98.72,106.0
002709.SZ,20201218,97.6,99.97,95.01,102.5
002709.SZ,20201217,93.5,96.53,91.77,98.0
002709.SZ,20201216,93.49,94.08,91.38,94.37
002709.SZ,20201215,94.07,92.63,90.11,95.66
002709.SZ,20201214,85.99,94.06,85.1,94.06
002709.SZ,20201211,85.8,85.51,84.25,86.9
002709.SZ,20201210,84.12,86.98,81.77,89.0
002709.SZ,20201209,84.66,85.8,84.16,89.28
002709.SZ,20201208,76.8,84.25,76.8,84.25
002709.SZ,20201207,75.43,76.59,74.33,77.35
002709.SZ,20201204,73.7,75.98,73.21,76.57
002709.SZ,20201203,73.5,73.7,71.54,74.81
002709.SZ,20201202,74.0,74.46,72.38,75.4
002709.SZ,20201201,76.0,74.83,70.72,76.0
002709.SZ,20201130,79.65,78.58,75.08,79.65
002709.SZ,20201127,80.0,79.66,77.66,82.19
002709.SZ,20201126,82.03,80.45,77.08,82.57
002709.SZ,20201125,83.48,82.67,80.25,84.65
002709.SZ,20201124,79.24,83.6,77.55,84.45
002709.SZ,20201123,74.5,79.24,74.5,80.8
002709.SZ,20201120,71.81,74.3,71.81,75.0
002709.SZ,20201119,71.3,71.65,69.8,72.56
002709.SZ,20201118,71.08,71.36,70.0,74.0
002709.SZ,20201117,78.48,72.61,70.5,79.66
002709.SZ,20201116,80.3,78.15,76.39,80.3
002709.SZ,20201113,76.69,80.5,73.68,82.2
002709.SZ,20201112,73.17,75.85,70.64,75.92
002709.SZ,20201111,72.6,73.0,72.1,78.0
002709.SZ,20201110,72.8,74.0,69.57,77.6
002709.SZ,20201109,73.01,73.8,69.02,76.66
002709.SZ,20201106,72.0,72.28,68.1,73.8
002709.SZ,20201105,63.2,68.5,63.01,68.5
002709.SZ,20201104,62.07,62.27,61.22,65.0
002709.SZ,20201103,65.3,63.44,61.0,65.3
002709.SZ,20201102,61.61,65.3,61.3,65.5
002709.SZ,20201030,62.91,62.15,59.8,63.88
002709.SZ,20201029,61.31,62.06,60.7,65.85
002709.SZ,20201028,57.3,62.93,56.81,62.93
002709.SZ,20201027,56.0,57.21,54.85,58.11
002709.SZ,20201026,53.82,57.25,52.3,57.36
002709.SZ,20201023,55.05,53.97,52.9,57.45
002709.SZ,20201022,55.48,55.11,53.41,56.18
002709.SZ,20201021,62.19,56.48,56.48,62.46
002709.SZ,20201020,59.41,62.75,58.7,62.96
002709.SZ,20201019,61.0,59.49,59.01,61.32
002709.SZ,20201016,62.73,60.0,59.5,63.74
002709.SZ,20201015,63.11,61.65,61.53,65.47
002709.SZ,20201014,62.88,62.44,61.53,64.09
002709.SZ,20201013,60.33,63.28,58.33,63.36
002709.SZ,20201012,58.78,61.52,58.58,62.19
002709.SZ,20201009,53.77,56.87,52.35,56.87
002709.SZ,20200930,51.46,51.7,50.6,52.2
002709.SZ,20200929,51.85,51.0,50.0,51.98
002709.SZ,20200928,51.02,51.2,50.45,52.78
002709.SZ,20200925,48.44,50.68,48.26,51.5
002709.SZ,20200924,48.99,47.88,47.7,49.8
002709.SZ,20200923,49.8,49.05,46.38,49.86
002709.SZ,20200922,49.09,49.09,48.88,50.82
002709.SZ,20200921,50.37,49.82,49.55,52.0
002709.SZ,20200918,48.88,49.71,48.02,50.65
002709.SZ,20200917,46.62,48.91,46.4,49.8
002709.SZ,20200916,45.8,46.83,45.3,47.88
002709.SZ,20200915,42.71,45.77,42.21,45.98
002709.SZ,20200914,40.71,42.71,40.3,43.5
002709.SZ,20200911,38.61,40.22,37.93,40.5
002709.SZ,20200910,39.0,38.68,37.8,39.48
002709.SZ,20200909,39.55,37.85,37.69,40.39
002709.SZ,20200908,40.69,40.48,39.65,41.5
002709.SZ,20200907,41.83,40.91,40.51,42.98
002709.SZ,20200904,42.31,40.99,40.08,44.09
002709.SZ,20200903,46.6,43.4,42.9,47.75
002709.SZ,20200902,42.75,44.6,42.0,45.42
002709.SZ,20200901,40.0,42.21,40.0,43.08
002709.SZ,20200831,40.71,40.36,39.3,41.0
002709.SZ,20200828,40.29,41.25,39.95,41.75
002709.SZ,20200827,39.97,40.27,39.88,41.0
002709.SZ,20200826,41.1,39.95,39.5,41.1
002709.SZ,20200825,41.78,41.11,40.0,41.78
002709.SZ,20200824,40.8,41.38,40.15,41.8
002709.SZ,20200821,40.76,40.04,39.4,41.28
002709.SZ,20200820,40.39,40.63,39.8,40.89
002709.SZ,20200819,41.03,40.08,39.8,42.89
002709.SZ,20200818,38.63,41.02,38.63,41.7
002709.SZ,20200817,37.4,38.44,37.04,38.5
002709.SZ,20200814,36.62,37.28,36.3,37.72
002709.SZ,20200813,37.25,36.3,36.02,38.25
002709.SZ,20200812,36.68,36.88,35.51,37.27
002709.SZ,20200811,35.68,36.16,35.66,37.81
002709.SZ,20200810,38.8,36.2,35.51,38.98
002709.SZ,20200807,38.29,39.45,37.88,40.38
002709.SZ,20200806,38.01,38.65,38.0,39.7
002709.SZ,20200805,38.01,38.04,37.66,38.9
002709.SZ,20200804,39.25,38.55,38.18,40.05
002709.SZ,20200803,38.9,39.02,38.05,39.24
002709.SZ,20200731,37.6,38.0,37.55,39.28
002709.SZ,20200730,38.46,37.81,37.59,38.8
002709.SZ,20200729,37.84,38.31,37.4,38.56
002709.SZ,20200728,37.7,37.59,36.5,38.29
002709.SZ,20200727,38.0,36.89,36.0,38.62
002709.SZ,20200724,40.19,38.08,37.25,40.38
002709.SZ,20200723,40.23,40.87,39.51,41.66
002709.SZ,20200722,40.7,40.83,40.22,41.57
002709.SZ,20200721,40.8,40.8,39.73,41.5
002709.SZ,20200720,41.0,40.03,38.31,41.16
002709.SZ,20200717,40.89,39.83,39.0,42.2
002709.SZ,20200716,43.0,41.21,41.05,43.8
002709.SZ,20200715,43.0,42.17,41.52,43.8
002709.SZ,20200714,43.18,42.59,41.4,44.24
002709.SZ,20200713,42.29,43.3,42.18,44.18
002709.SZ,20200710,42.0,41.89,41.49,42.97
002709.SZ,20200709,42.43,43.39,41.5,44.44
002709.SZ,20200708,42.0,42.73,41.11,42.95
002709.SZ,20200707,41.0,41.62,40.2,41.62
002709.SZ,20200706,34.41,37.84,34.41,37.87
002709.SZ,20200703,33.84,34.43,33.35,34.6
002709.SZ,20200702,34.16,33.33,33.28,34.32
002709.SZ,20200701,34.28,33.85,33.35,34.58
002709.SZ,20200630,34.14,33.79,33.08,34.6
002709.SZ,20200629,34.01,34.17,33.6,34.6
002709.SZ,20200624,34.06,33.52,32.9,34.2
002709.SZ,20200623,33.01,33.73,32.81,33.99
002709.SZ,20200622,32.48,33.47,32.13,33.98
002709.SZ,20200619,30.06,32.29,29.86,32.32
002709.SZ,20200618,29.99,30.03,29.36,30.3
002709.SZ,20200617,29.77,29.45,29.12,29.89
002709.SZ,20200616,29.54,29.66,29.22,29.93
002709.SZ,20200615,28.84,28.96,28.73,29.8
002709.SZ,20200612,28.63,29.12,28.5,29.5
002709.SZ,20200611,30.59,29.55,29.36,31.1
002709.SZ,20200610,30.19,30.33,29.7,30.8
002709.SZ,20200609,30.14,29.99,29.71,30.88
002709.SZ,20200608,29.02,29.5,29.02,29.78
002709.SZ,20200605,28.45,28.93,28.21,29.11
002709.SZ,20200604,28.24,28.63,28.13,29.63
002709.SZ,20200603,28.46,28.11,28.02,28.67
002709.SZ,20200602,28.38,28.72,28.12,28.88
002709.SZ,20200601,27.97,28.47,27.79,28.82
002709.SZ,20200529,27.56,27.97,27.12,28.2
002709.SZ,20200528,28.62,27.2,26.8,28.79
002709.SZ,20200527,27.36,28.99,27.36,29.0
002709.SZ,20200526,25.36,27.22,25.28,27.5
002709.SZ,20200525,25.7,25.23,25.04,25.84
002709.SZ,20200522,27.1,25.96,25.8,27.1
002709.SZ,20200521,27.3,27.02,26.63,27.56
002709.SZ,20200520,28.8,27.29,27.12,29.68
002709.SZ,20200519,27.98,28.26,27.98,28.59
002709.SZ,20200518,28.22,27.9,27.45,28.38
002709.SZ,20200515,27.91,28.42,27.75,28.68
002709.SZ,20200514,27.2,27.81,27.1,27.89
002709.SZ,20200513,26.9,27.36,26.6,27.56
002709.SZ,20200512,26.73,27.02,26.61,27.5
002709.SZ,20200511,27.83,26.9,26.8,27.83
002709.SZ,20200508,26.89,27.29,26.71,27.49
002709.SZ,20200507,26.49,26.53,26.06,26.74
002709.SZ,20200506,27.21,26.92,25.8,27.73
002709.SZ,20200430,28.05,27.46,27.08,29.26
002709.SZ,20200429,25.86,26.6,25.7,26.88
002709.SZ,20200428,25.62,26.19,24.88,26.39
002709.SZ,20200427,26.1,25.34,25.3,26.13
002709.SZ,20200424,25.99,25.65,25.64,26.48
002709.SZ,20200423,25.91,25.86,25.72,26.51
002709.SZ,20200422,25.9,25.81,25.52,26.04
002709.SZ,20200421,26.25,26.2,25.55,26.43
002709.SZ,20200420,25.22,26.17,24.73,26.18
002709.SZ,20200417,25.87,25.18,25.1,26.18
002709.SZ,20200416,25.17,25.6,25.17,26.23
002709.SZ,20200415,24.1,25.66,24.1,26.51
002709.SZ,20200414,23.43,24.11,23.43,24.73
002709.SZ,20200413,22.07,22.57,21.39,23.49
002709.SZ,20200410,22.61,22.3,22.08,24.19
002709.SZ,20200409,22.88,22.62,22.45,22.95
002709.SZ,20200408,22.49,22.62,22.35,23.22
002709.SZ,20200407,21.69,22.84,21.44,22.84
002709.SZ,20200403,21.12,20.76,20.72,21.18
002709.SZ,20200402,19.79,21.04,19.7,21.07
002709.SZ,20200401,19.78,19.91,19.62,20.72
002709.SZ,20200331,19.58,19.52,19.3,19.82
002709.SZ,20200330,19.49,19.53,18.65,19.88
002709.SZ,20200327,20.59,19.94,19.94,20.75
002709.SZ,20200326,20.86,20.3,20.2,20.95
002709.SZ,20200325,20.71,20.82,20.3,21.29
002709.SZ,20200324,20.0,20.03,19.3,20.39
002709.SZ,20200323,20.3,19.58,19.39,20.56
002709.SZ,20200320,21.39,20.94,20.63,21.74
002709.SZ,20200319,21.1,20.9,20.26,21.2
002709.SZ,20200318,21.73,20.98,20.9,21.96
002709.SZ,20200317,21.65,21.42,20.52,22.36
002709.SZ,20200316,23.6,21.61,21.5,23.65
002709.SZ,20200313,22.97,23.53,22.58,23.93
002709.SZ,20200312,24.55,24.41,24.1,24.87
002709.SZ,20200311,25.42,25.15,24.8,26.1
002709.SZ,20200310,24.19,25.1,24.03,25.1
002709.SZ,20200309,25.11,24.12,23.81,25.49
002709.SZ,20200306,25.35,25.7,25.03,26.3
002709.SZ,20200305,26.08,25.59,25.2,26.18
002709.SZ,20200304,25.55,25.69,25.05,26.26
002709.SZ,20200303,25.84,25.91,25.31,27.15
002709.SZ,20200302,25.0,25.16,24.0,25.66
002709.SZ,20200228,25.4,24.69,24.69,26.28
002709.SZ,20200227,28.38,27.43,27.28,28.65
002709.SZ,20200226,29.58,28.13,27.98,29.95
002709.SZ,20200225,28.7,30.17,28.08,30.68
002709.SZ,20200224,29.5,29.71,29.11,30.84
002709.SZ,20200221,30.85,30.26,29.7,30.92
002709.SZ,20200220,33.66,31.56,31.07,33.66
002709.SZ,20200219,34.02,32.9,31.7,34.02
002709.SZ,20200218,30.75,30.93,30.48,32.3
002709.SZ,20200217,29.72,30.7,29.72,30.86
002709.SZ,20200214,31.38,29.93,29.62,31.49
002709.SZ,20200213,30.79,30.81,30.23,32.1
002709.SZ,20200212,29.28,31.0,29.28,31.45
002709.SZ,20200211,29.81,30.09,29.34,31.51
002709.SZ,20200210,29.53,30.13,28.66,30.57
002709.SZ,20200207,31.85,29.1,28.71,31.85
002709.SZ,20200206,26.5,30.65,26.4,30.65
002709.SZ,20200205,27.58,27.86,26.28,27.86
002709.SZ,20200204,23.7,25.33,23.7,25.33
002709.SZ,20200203,22.64,23.03,22.64,24.3
002709.SZ,20200123,25.9,25.15,24.02,27.1
002709.SZ,20200122,23.7,26.35,23.45,26.35
002709.SZ,20200121,23.67,23.95,23.65,24.48
002709.SZ,20200120,24.0,24.28,23.06,24.31
002709.SZ,20200117,23.97,24.24,23.62,24.66
002709.SZ,20200116,23.98,23.85,23.4,24.38
002709.SZ,20200115,24.0,24.14,23.35,24.26
002709.SZ,20200114,24.2,24.09,23.75,25.08
002709.SZ,20200113,24.0,23.94,23.39,24.16
002709.SZ,20200110,24.35,23.66,23.15,24.41
002709.SZ,20200109,23.33,24.43,23.01,24.78
002709.SZ,20200108,22.95,22.8,22.35,23.67
002709.SZ,20200107,22.79,22.66,22.33,23.14
002709.SZ,20200106,20.82,22.83,20.82,22.96
002709.SZ,20200103,21.09,20.87,20.82,21.45
002709.SZ,20200102,20.86,21.16,20.64,21.16
002709.SZ,20191231,20.6,20.7,20.42,21.2
002709.SZ,20191230,20.28,20.72,20.28,21.11
002709.SZ,20191227,20.7,20.7,20.6,21.46
002709.SZ,20191226,20.62,20.89,20.21,20.99
002709.SZ,20191225,20.78,20.58,20.25,21.2
002709.SZ,20191224,19.95,20.83,19.6,20.87
002709.SZ,20191223,19.21,19.72,18.83,20.05
002709.SZ,20191220,19.16,19.21,19.15,19.67
002709.SZ,20191219,19.2,19.21,18.88,19.38
002709.SZ,20191218,19.31,19.16,18.94,19.45
002709.SZ,20191217,19.18,19.47,19.15,20.17
002709.SZ,20191216,18.88,19.18,18.64,19.42
002709.SZ,20191213,17.79,18.8,17.7,18.86
002709.SZ,20191212,17.94,17.66,17.61,17.99
002709.SZ,20191211,18.05,17.85,17.82,18.58
002709.SZ,20191210,17.8,18.18,17.66,18.27
002709.SZ,20191209,18.14,17.93,17.7,18.14
002709.SZ,20191206,17.77,18.2,17.53,18.2
002709.SZ,20191205,17.45,17.8,17.32,17.9
002709.SZ,20191204,17.75,17.47,17.42,18.2
002709.SZ,20191203,17.7,17.73,17.46,17.8
002709.SZ,20191202,17.2,17.71,17.18,17.85
002709.SZ,20191129,17.33,17.27,17.01,17.49
002709.SZ,20191128,16.46,17.29,16.41,17.38
002709.SZ,20191127,16.69,16.56,16.28,16.89
002709.SZ,20191126,16.78,16.79,16.65,16.93
002709.SZ,20191125,16.95,16.8,16.54,16.97
002709.SZ,20191122,17.5,17.07,16.6,17.76
002709.SZ,20191121,17.13,17.05,16.87,17.45
002709.SZ,20191120,17.28,17.33,17.08,17.55
002709.SZ,20191119,16.5,17.27,16.44,17.37
002709.SZ,20191118,16.68,16.54,16.4,16.68
002709.SZ,20191115,17.1,16.48,16.32,17.22
002709.SZ,20191114,16.8,16.96,16.68,17.12
002709.SZ,20191113,16.76,16.91,16.46,16.93
002709.SZ,20191112,16.68,16.88,16.36,17.04
002709.SZ,20191111,17.11,16.8,16.71,17.4
002709.SZ,20191108,17.28,17.2,17.2,17.75
002709.SZ,20191107,17.61,17.17,17.1,17.76
002709.SZ,20191106,17.49,17.6,17.41,18.4
002709.SZ,20191105,16.95,17.6,16.84,17.86
002709.SZ,20191104,16.8,16.95,16.68,17.08
002709.SZ,20191101,16.83,16.79,16.68,16.99
002709.SZ,20191031,16.18,16.89,16.16,16.98
002709.SZ,20191030,15.96,16.16,15.94,16.43
002709.SZ,20191029,16.46,16.54,16.38,16.65
002709.SZ,20191028,16.26,16.62,16.21,16.66
002709.SZ,20191025,16.15,16.28,16.15,16.34
002709.SZ,20191024,16.18,16.2,16.12,16.31
002709.SZ,20191023,16.46,16.18,16.13,16.53
002709.SZ,20191022,16.35,16.46,16.35,16.65
002709.SZ,20191021,16.44,16.35,16.21,16.44
002709.SZ,20191018,16.59,16.38,16.21,16.64
002709.SZ,20191017,16.85,16.53,16.49,16.93
002709.SZ,20191016,16.56,16.88,16.56,17.07
002709.SZ,20191015,16.53,16.67,16.16,16.94
002709.SZ,20191014,16.56,16.53,16.5,16.69
002709.SZ,20191011,16.76,16.43,16.38,16.84
002709.SZ,20191010,16.51,16.74,16.51,16.95
002709.SZ,20191009,16.23,16.55,16.23,16.62
002709.SZ,20191008,15.97,16.45,15.96,16.65
002709.SZ,20190930,16.31,15.98,15.98,16.45
002709.SZ,20190927,16.48,16.3,16.28,16.65
002709.SZ,20190926,16.87,16.53,16.5,17.09
002709.SZ,20190925,16.56,16.95,16.2,17.19
002709.SZ,20190924,16.66,16.55,16.5,16.77
002709.SZ,20190923,17.04,16.66,16.51,17.04
002709.SZ,20190920,17.64,17.04,17.0,17.64
002709.SZ,20190919,17.39,17.51,17.31,17.64
002709.SZ,20190918,17.39,17.39,17.34,17.66
002709.SZ,20190917,17.89,17.3,17.3,18.04
002709.SZ,20190916,18.31,17.86,17.67,18.31
002709.SZ,20190912,17.92,18.05,17.7,18.19
002709.SZ,20190911,17.8,17.93,17.65,18.3
002709.SZ,20190910,18.04,17.8,17.71,18.48
002709.SZ,20190909,17.53,18.03,17.43,18.07
002709.SZ,20190906,17.61,17.5,17.32,17.7
002709.SZ,20190905,17.39,17.55,17.2,17.79
002709.SZ,20190904,17.13,17.38,16.92,17.45
002709.SZ,20190903,17.17,16.97,16.85,17.3
002709.SZ,20190902,16.4,17.15,16.35,17.32
002709.SZ,20190830,16.58,16.48,16.17,16.58
002709.SZ,20190829,16.9,16.42,16.41,16.95
002709.SZ,20190828,16.87,16.91,16.65,17.09
002709.SZ,20190827,16.65,16.78,16.55,16.88
002709.SZ,20190826,16.21,16.63,16.1,16.68
002709.SZ,20190823,16.41,16.62,16.29,16.86
002709.SZ,20190822,16.6,16.32,16.21,16.6
002709.SZ,20190821,16.6,16.49,16.46,16.79
002709.SZ,20190820,16.27,16.71,16.21,17.2
002709.SZ,20190819,16.1,16.26,16.05,16.3
002709.SZ,20190816,15.9,16.03,15.82,16.31
002709.SZ,20190815,15.85,15.9,15.76,16.11
002709.SZ,20190814,16.02,16.1,15.83,16.31
002709.SZ,20190813,15.9,15.8,15.78,16.02
002709.SZ,20190812,16.09,16.05,15.81,16.21
002709.SZ,20190809,16.42,16.1,15.83,16.56
002709.SZ,20190808,16.26,16.4,16.12,16.66
002709.SZ,20190807,16.51,16.34,16.28,16.8
002709.SZ,20190806,16.22,16.22,15.81,16.43
002709.SZ,20190805,16.7,16.51,16.35,16.85
002709.SZ,20190802,16.5,16.67,16.4,17.28
002709.SZ,20190801,16.3,16.86,16.26,17.34
002709.SZ,20190731,16.5,16.46,16.25,16.57
002709.SZ,20190730,16.43,16.4,16.38,16.63
002709.SZ,20190729,16.51,16.54,16.4,16.85
002709.SZ,20190726,16.65,16.6,16.47,16.77
002709.SZ,20190725,16.46,16.67,16.32,16.77
002709.SZ,20190724,16.64,16.5,16.41,16.78
002709.SZ,20190723,16.03,16.66,15.93,16.69
002709.SZ,20190722,15.98,16.2,15.74,16.39
002709.SZ,20190719,16.39,16.17,16.07,16.62
002709.SZ,20190718,16.79,16.44,16.21,16.79
002709.SZ,20190717,16.18,16.85,15.92,17.07
002709.SZ,20190716,16.15,16.2,15.5,16.4
002709.SZ,20190715,16.5,16.07,15.6,16.5
002709.SZ,20190712,17.6,17.33,17.2,18.18
002709.SZ,20190711,16.86,17.36,16.83,17.67
002709.SZ,20190710,16.84,16.99,16.53,17.32
002709.SZ,20190709,16.37,16.93,15.89,17.07
002709.SZ,20190708,16.39,16.16,15.91,16.71
002709.SZ,20190705,16.09,16.49,15.81,16.62
002709.SZ,20190704,16.25,16.11,15.92,16.4
002709.SZ,20190703,16.06,16.3,15.7,16.44
002709.SZ,20190702,25.43,26.03,25.26,26.48
002709.SZ,20190701,24.58,25.59,24.32,25.8
002709.SZ,20190628,24.6,24.2,24.0,24.6
002709.SZ,20190627,24.42,24.7,24.08,25.2
002709.SZ,20190626,23.77,24.12,23.72,24.29
002709.SZ,20190625,24.39,23.89,23.5,24.42
002709.SZ,20190624,24.11,24.37,24.02,24.55
002709.SZ,20190621,23.7,24.27,23.7,24.45
002709.SZ,20190620,23.56,23.67,23.31,23.88
002709.SZ,20190619,23.98,23.66,23.53,23.98
002709.SZ,20190618,23.38,23.4,23.24,23.75
002709.SZ,20190617,23.48,23.45,23.23,23.66
002709.SZ,20190614,23.77,23.46,23.36,23.91
002709.SZ,20190613,23.7,23.77,23.33,23.92
002709.SZ,20190612,23.94,23.69,23.58,24.18
002709.SZ,20190611,23.79,24.11,23.23,24.13
002709.SZ,20190610,22.98,23.53,22.0,23.81
002709.SZ,20190606,23.1,22.74,22.64,23.45
002709.SZ,20190605,23.02,23.09,23.02,23.48
002709.SZ,20190604,23.39,22.81,22.58,23.43
002709.SZ,20190603,23.82,23.25,23.13,23.93
002709.SZ,20190531,24.15,23.72,23.6,24.19
002709.SZ,20190530,23.82,24.2,23.8,24.28
002709.SZ,20190529,23.94,24.15,23.75,24.38
002709.SZ,20190528,23.82,23.82,23.7,24.62
002709.SZ,20190527,23.5,24.03,23.3,24.15
002709.SZ,20190524,23.27,23.29,23.25,24.24
002709.SZ,20190523,24.53,23.41,23.4,24.57
002709.SZ,20190522,25.39,24.59,24.55,25.49
002709.SZ,20190521,25.0,25.39,24.5,25.49
002709.SZ,20190520,24.78,25.08,23.3,25.18
002709.SZ,20190517,26.06,24.95,24.95,26.38
002709.SZ,20190516,25.77,26.15,25.56,26.27
002709.SZ,20190515,25.59,25.64,25.48,25.83
002709.SZ,20190514,25.5,25.44,25.43,26.04
002709.SZ,20190513,25.9,26.04,25.49,26.18
002709.SZ,20190510,25.76,25.89,25.05,26.2
002709.SZ,20190509,25.37,25.5,25.37,25.84
002709.SZ,20190508,25.05,25.61,25.05,26.12
002709.SZ,20190507,26.55,25.77,25.0,26.86
002709.SZ,20190506,27.98,26.5,26.11,27.98
002709.SZ,20190430,28.35,28.3,27.78,28.98
002709.SZ,20190429,28.32,28.78,26.3,28.85
002709.SZ,20190426,28.8,28.5,28.05,28.82
002709.SZ,20190425,29.6,28.92,28.32,29.82
002709.SZ,20190424,29.42,29.83,29.26,29.86
002709.SZ,20190423,30.4,29.53,29.35,30.58
002709.SZ,20190422,30.91,30.2,30.18,31.3
002709.SZ,20190419,30.92,30.91,30.6,31.23
002709.SZ,20190418,31.7,31.0,30.82,31.7
002709.SZ,20190417,30.2,31.7,30.2,32.3
002709.SZ,20190416,30.39,30.14,28.7,30.39
002709.SZ,20190415,31.13,30.33,30.3,31.24
002709.SZ,20190412,30.82,30.84,30.6,31.2
002709.SZ,20190411,31.07,30.8,30.75,31.39
002709.SZ,20190410,31.9,31.41,31.01,31.9
002709.SZ,20190409,33.53,32.11,31.83,33.53
002709.SZ,20190408,31.28,33.61,30.27,33.77
002709.SZ,20190404,31.49,30.89,30.62,31.49
002709.SZ,20190403,31.95,31.33,30.84,31.95
002709.SZ,20190402,32.3,31.93,31.35,32.41
002709.SZ,20190401,31.0,32.06,30.88,32.16
002709.SZ,20190329,30.25,31.15,29.77,31.23
002709.SZ,20190328,30.88,30.28,29.75,31.19
002709.SZ,20190327,32.6,30.89,30.62,33.25
002709.SZ,20190326,34.8,32.43,32.31,35.0
002709.SZ,20190325,34.01,34.43,34.0,36.36
002709.SZ,20190322,34.0,34.99,33.59,35.25
002709.SZ,20190321,33.0,33.46,33.0,34.6
002709.SZ,20190320,33.41,32.6,31.73,33.62
002709.SZ,20190319,33.49,33.41,33.21,34.3
002709.SZ,20190318,33.17,33.62,32.71,33.62
002709.SZ,20190315,33.84,32.96,32.5,33.88
002709.SZ,20190314,33.82,33.25,32.81,35.14
002709.SZ,20190313,34.13,33.83,33.44,35.15
002709.SZ,20190312,33.98,34.03,33.65,35.54
002709.SZ,20190311,31.1,33.36,31.1,33.37
002709.SZ,20190308,32.15,31.6,31.44,32.87
002709.SZ,20190307,33.0,33.15,32.75,33.65
002709.SZ,20190306,33.3,33.35,32.69,33.89
002709.SZ,20190305,33.81,33.55,32.76,33.81
002709.SZ,20190304,34.2,34.04,33.48,35.59
002709.SZ,20190301,34.11,34.28,33.36,34.76
002709.SZ,20190228,33.41,33.01,32.8,34.8
002709.SZ,20190227,32.2,33.4,32.2,35.25
002709.SZ,20190226,31.0,32.89,30.0,34.0
002709.SZ,20190225,28.56,31.15,28.56,31.15
002709.SZ,20190222,27.88,28.32,27.65,28.43
002709.SZ,20190221,28.42,28.08,27.58,28.8
002709.SZ,20190220,28.74,28.75,28.28,29.48
002709.SZ,20190219,29.4,28.92,28.47,30.38
002709.SZ,20190218,28.7,29.47,28.05,29.48
002709.SZ,20190215,28.9,28.45,28.3,29.45
002709.SZ,20190214,28.01,29.41,27.88,30.0
002709.SZ,20190213,28.0,28.31,27.77,28.66
002709.SZ,20190212,28.2,28.22,27.58,29.2
002709.SZ,20190211,27.4,28.32,27.12,28.52
002709.SZ,20190201,25.69,27.5,25.5,27.6
002709.SZ,20190131,25.3,25.4,25.07,26.25
002709.SZ,20190130,25.48,25.79,25.27,26.5
002709.SZ,20190129,25.81,25.27,24.86,26.25
002709.SZ,20190128,25.61,25.81,25.35,26.78
002709.SZ,20190125,24.91,25.7,24.51,26.8
002709.SZ,20190124,25.2,25.14,24.48,25.66
002709.SZ,20190123,22.14,24.35,22.14,24.35
002709.SZ,20190122,22.45,22.14,22.03,22.73
002709.SZ,20190121,22.12,22.47,22.09,22.69
002709.SZ,20190118,21.8,22.12,21.8,22.25
002709.SZ,20190117,22.67,21.9,21.87,22.67
002709.SZ,20190116,22.96,22.67,22.6,23.02
002709.SZ,20190115,22.69,22.9,22.56,23.09
002709.SZ,20190114,22.28,22.75,22.0,23.15
002709.SZ,20190111,22.36,22.31,21.88,22.65
002709.SZ,20190110,22.33,22.53,22.32,22.78
002709.SZ,20190109,23.39,22.53,22.29,23.39
002709.SZ,20190108,22.4,23.23,22.19,23.44
002709.SZ,20190107,21.89,22.38,21.62,22.38
002709.SZ,20190104,20.97,21.7,20.8,21.85
002709.SZ,20190103,21.32,21.4,20.9,21.63
002709.SZ,20190102,21.66,21.32,21.29,21.85
002709.SZ,20181228,22.0,21.66,21.5,22.3
002709.SZ,20181227,22.83,21.79,21.64,22.95
002709.SZ,20181226,22.63,22.47,22.3,23.08
002709.SZ,20181225,23.67,22.79,21.91,23.67
002709.SZ,20181224,23.38,23.69,23.24,23.85
002709.SZ,20181221,24.03,23.46,23.02,24.03
002709.SZ,20181220,24.11,24.15,23.87,24.56
002709.SZ,20181219,24.4,24.26,24.1,24.58
002709.SZ,20181218,24.56,24.31,23.75,24.8
002709.SZ,20181217,24.55,24.68,24.15,24.98
002709.SZ,20181214,25.18,24.56,24.56,25.37
002709.SZ,20181213,25.47,25.22,25.11,25.96
002709.SZ,20181212,25.52,25.6,25.18,26.3
002709.SZ,20181211,24.8,25.43,24.39,25.48
002709.SZ,20181210,23.84,24.8,23.81,24.89
002709.SZ,20181207,24.38,24.07,23.9,24.58
002709.SZ,20181206,23.85,24.52,23.81,24.79
002709.SZ,20181205,23.6,23.96,23.6,24.63
002709.SZ,20181204,24.48,24.31,23.91,24.66
002709.SZ,20181203,25.2,24.68,24.3,25.35
002709.SZ,20181130,23.43,24.3,22.8,24.41
002709.SZ,20181129,22.99,23.15,22.63,23.7
002709.SZ,20181128,21.0,22.9,21.0,22.99
002709.SZ,20181127,20.67,20.97,20.67,21.29
002709.SZ,20181126,21.08,20.6,20.38,21.3
002709.SZ,20181123,22.3,21.08,20.84,22.44
002709.SZ,20181122,22.73,22.33,22.02,23.0
002709.SZ,20181121,22.05,22.72,21.91,22.98
002709.SZ,20181120,23.0,22.45,22.45,23.28
002709.SZ,20181119,23.39,23.28,22.92,23.94
002709.SZ,20181116,21.75,23.66,21.73,23.87
002709.SZ,20181115,21.34,21.76,21.28,21.86
002709.SZ,20181114,21.77,21.3,21.25,21.8
002709.SZ,20181113,21.15,21.63,21.0,21.78
002709.SZ,20181112,20.63,21.35,20.61,21.36
002709.SZ,20181109,20.78,20.65,20.64,21.05
002709.SZ,20181108,21.51,20.77,20.66,21.6
002709.SZ,20181107,21.44,21.32,21.24,21.98
002709.SZ,20181106,21.42,21.03,20.73,21.42
002709.SZ,20181105,21.0,21.42,20.8,21.73
002709.SZ,20181102,20.15,21.16,20.02,21.44
002709.SZ,20181101,20.02,19.87,19.61,20.45
002709.SZ,20181031,19.69,19.92,19.59,20.25
002709.SZ,20181030,19.0,19.63,19.0,19.89
002709.SZ,20181029,19.88,19.32,19.27,19.9
002709.SZ,20181026,20.46,20.01,19.87,20.46
002709.SZ,20181025,19.15,20.47,18.8,20.49
002709.SZ,20181024,19.08,19.86,19.04,20.88
002709.SZ,20181023,19.78,19.05,18.73,19.78
002709.SZ,20181022,19.01,19.7,19.0,19.98
002709.SZ,20181019,17.84,18.76,17.7,18.83
002709.SZ,20181018,18.7,18.31,18.26,18.88
002709.SZ,20181017,18.79,18.86,18.21,18.95
002709.SZ,20181016,19.23,18.5,18.29,19.27
002709.SZ,20181015,19.68,19.0,18.9,19.93
002709.SZ,20181012,20.18,19.48,18.5,20.18
002709.SZ,20181011,21.8,20.39,20.39,21.9
002709.SZ,20181010,23.31,22.66,22.45,23.48
002709.SZ,20181009,23.05,23.09,22.8,23.53
002709.SZ,20181008,24.15,22.88,22.81,24.15
002709.SZ,20180928,24.49,24.66,24.2,24.77
002709.SZ,20180927,24.92,24.35,24.28,25.19
002709.SZ,20180926,25.17,25.02,24.84,25.41
002709.SZ,20180925,25.14,25.2,24.83,25.4
002709.SZ,20180921,24.9,25.61,24.43,25.98
002709.SZ,20180920,24.37,25.01,24.34,26.32
002709.SZ,20180919,23.4,24.0,22.95,24.26
002709.SZ,20180918,22.2,23.4,22.2,23.46
002709.SZ,20180917,23.22,22.49,22.4,23.22
002709.SZ,20180914,23.17,23.42,23.11,24.01
002709.SZ,20180913,23.26,23.02,22.71,23.5
002709.SZ,20180912,22.65,23.02,22.35,23.35
002709.SZ,20180911,22.24,22.43,21.9,22.62
002709.SZ,20180910,23.4,22.16,22.02,23.4
002709.SZ,20180907,23.28,23.25,23.01,23.86
002709.SZ,20180906,23.19,23.28,23.06,23.59
002709.SZ,20180905,23.46,23.4,23.38,24.26
002709.SZ,20180904,22.44,23.49,22.44,23.88
002709.SZ,20180903,24.35,23.07,22.51,24.36
002709.SZ,20180831,25.27,24.26,24.04,25.32
002709.SZ,20180830,25.91,25.4,25.4,25.91
002709.SZ,20180829,26.52,25.95,25.91,26.62
002709.SZ,20180828,25.94,26.72,25.89,26.98
002709.SZ,20180827,25.31,25.87,25.31,25.87
002709.SZ,20180824,25.78,25.3,25.28,25.85
002709.SZ,20180823,25.29,25.72,25.25,25.86
002709.SZ,20180822,26.2,25.2,25.2,26.2
002709.SZ,20180821,26.41,26.2,25.91,26.47
002709.SZ,20180820,26.12,26.45,25.58,26.46
002709.SZ,20180817,26.59,26.3,26.12,27.27
002709.SZ,20180816,26.09,26.1,25.45,26.58
002709.SZ,20180815,27.4,26.46,26.32,27.5
002709.SZ,20180814,27.19,27.36,27.15,27.79
002709.SZ,20180813,26.99,27.23,26.51,27.43
002709.SZ,20180810,27.35,27.42,27.15,27.73
002709.SZ,20180809,26.97,27.57,26.85,27.86
002709.SZ,20180808,27.35,27.14,26.66,27.53
002709.SZ,20180807,26.69,27.02,25.86,27.05
002709.SZ,20180806,27.5,26.15,26.01,27.78
002709.SZ,20180803,28.31,28.18,28.13,29.08
002709.SZ,20180802,29.1,28.45,27.86,29.3
002709.SZ,20180801,31.5,30.12,29.08,31.5
002709.SZ,20180731,35.9,32.31,32.31,36.0
002709.SZ,20180730,36.0,35.9,35.8,36.43
002709.SZ,20180727,36.27,36.31,36.06,36.58
002709.SZ,20180726,36.9,36.27,36.2,36.95
002709.SZ,20180725,37.6,36.8,36.76,37.7
002709.SZ,20180724,37.4,37.69,37.25,37.73
002709.SZ,20180723,36.57,37.58,36.4,37.6
002709.SZ,20180720,36.47,36.57,36.01,36.73
002709.SZ,20180719,36.36,36.47,36.11,36.76
002709.SZ,20180718,36.6,36.36,36.3,36.88
002709.SZ,20180717,37.41,36.75,35.71,37.41
002709.SZ,20180716,38.42,37.93,37.74,38.7
002709.SZ,20180713,38.65,38.48,38.23,38.9
002709.SZ,20180712,37.65,38.84,37.3,39.08
002709.SZ,20180711,37.8,38.15,37.0,38.95
002709.SZ,20180710,37.82,38.24,37.82,38.7
002709.SZ,20180709,36.9,37.82,36.9,37.86
002709.SZ,20180706,36.2,36.73,36.0,37.48
002709.SZ,20180705,37.38,35.94,35.65,37.75
002709.SZ,20180704,38.32,37.38,37.07,38.41
002709.SZ,20180703,37.88,38.32,37.0,38.49
002709.SZ,20180702,38.45,37.88,37.58,38.66
002709.SZ,20180629,37.1,38.54,37.1,38.75
002709.SZ,20180628,37.94,37.25,37.03,38.79
002709.SZ,20180627,37.75,37.94,37.75,38.79
002709.SZ,20180626,36.67,37.68,36.45,38.42
002709.SZ,20180625,38.1,37.5,37.5,38.48
002709.SZ,20180622,36.53,37.44,35.62,38.15
002709.SZ,20180621,38.12,36.57,36.38,38.12
002709.SZ,20180620,37.5,38.14,37.11,38.85
002709.SZ,20180619,39.3,37.71,35.9,39.3
002709.SZ,20180615,40.23,39.76,39.57,40.65
002709.SZ,20180614,40.15,40.54,39.93,40.78
002709.SZ,20180613,41.2,40.12,40.0,41.2
002709.SZ,20180612,41.58,41.2,40.11,41.87
002709.SZ,20180611,41.75,41.54,41.03,42.58
002709.SZ,20180608,42.52,42.04,41.5,42.85
002709.SZ,20180607,43.5,42.94,42.58,43.95
002709.SZ,20180606,40.81,43.53,40.81,44.69
002709.SZ,20180605,39.67,40.75,39.65,41.33
002709.SZ,20180604,41.2,39.49,39.2,41.47
002709.SZ,20180601,41.6,41.09,40.91,41.6
002709.SZ,20180531,41.33,41.82,41.07,42.2
002709.SZ,20180530,42.8,41.15,41.01,43.28
002709.SZ,20180529,43.38,43.3,42.68,44.25
002709.SZ,20180528,42.56,42.96,42.56,43.6
002709.SZ,20180525,44.09,43.12,43.0,44.25
002709.SZ,20180524,43.18,44.54,43.18,44.78
002709.SZ,20180523,44.65,43.6,43.25,44.82
002709.SZ,20180522,45.05,44.84,43.68,45.49
002709.SZ,20180521,45.07,45.04,44.8,45.98
002709.SZ,20180518,44.2,44.66,44.02,44.9
002709.SZ,20180517,44.18,43.91,43.64,44.94
002709.SZ,20180516,44.6,44.29,44.21,45.18
002709.SZ,20180515,43.7,44.83,43.7,45.28
002709.SZ,20180514,44.13,43.83,43.72,45.3
002709.SZ,20180511,43.7,44.36,43.51,45.0
002709.SZ,20180510,42.9,43.58,42.75,43.95
002709.SZ,20180509,42.4,42.74,42.4,43.08
002709.SZ,20180508,42.5,42.6,42.16,43.28
002709.SZ,20180507,40.25,42.55,40.25,43.25
002709.SZ,20180504,40.1,40.21,39.35,40.8
002709.SZ,20180503,40.2,39.74,38.85,40.45
002709.SZ,20180502,40.59,40.24,40.02,41.3
002709.SZ,20180427,42.38,40.59,40.02,42.38
002709.SZ,20180426,42.79,42.03,41.8,43.38
002709.SZ,20180425,43.8,42.92,42.43,43.8
002709.SZ,20180424,43.0,43.95,42.65,44.0
002709.SZ,20180423,43.96,43.07,42.58,44.33
002709.SZ,20180420,44.15,43.96,43.69,44.49
002709.SZ,20180419,43.83,44.33,43.8,44.64
002709.SZ,20180418,44.42,43.98,43.19,44.42
002709.SZ,20180417,43.99,43.84,43.46,44.6
002709.SZ,20180416,44.92,43.8,43.5,44.92
002709.SZ,20180413,45.5,44.92,44.71,45.88
002709.SZ,20180412,45.55,45.3,45.25,46.08
002709.SZ,20180411,45.58,46.1,45.25,46.98
002709.SZ,20180410,45.42,45.67,44.68,45.72
002709.SZ,20180409,46.09,45.37,45.07,46.59
002709.SZ,20180404,46.41,46.34,46.07,47.23
002709.SZ,20180403,46.0,46.02,45.6,46.8
002709.SZ,20180402,47.02,47.18,47.02,47.8
002709.SZ,20180330,46.56,46.76,46.34,47.2
002709.SZ,20180329,46.6,46.34,46.22,47.39
002709.SZ,20180328,46.8,46.1,46.02,47.19
002709.SZ,20180327,46.05,47.53,45.99,47.64
002709.SZ,20180326,44.27,45.1,43.79,45.48
002709.SZ,20180323,45.3,44.75,44.2,46.37
002709.SZ,20180322,47.85,47.1,46.98,48.11
002709.SZ,20180321,49.0,48.34,47.35,49.0
002709.SZ,20180320,49.96,49.77,48.71,50.68
002709.SZ,20180319,50.28,50.45,49.6,51.27
002709.SZ,20180316,51.98,50.89,49.9,52.39
002709.SZ,20180315,50.6,51.47,49.8,51.5
002709.SZ,20180314,51.14,50.0,50.0,52.64
002709.SZ,20180313,51.26,51.14,50.28,51.8
002709.SZ,20180312,46.63,51.26,46.59,51.26
002709.SZ,20180309,46.12,46.6,45.46,46.83
002709.SZ,20180308,45.93,46.62,45.5,47.2
002709.SZ,20180307,47.88,48.52,47.37,49.29
002709.SZ,20180306,48.34,47.46,46.95,48.49
002709.SZ,20180305,48.2,48.29,47.5,48.84
002709.SZ,20180302,45.25,48.06,45.25,49.99
002709.SZ,20180301,44.9,45.67,44.34,46.2
002709.SZ,20180228,45.0,45.25,43.13,45.41
002709.SZ,20180227,47.29,46.1,45.59,47.29
002709.SZ,20180226,47.45,47.29,45.77,47.45
002709.SZ,20180223,48.1,47.0,46.7,49.1
002709.SZ,20180222,47.68,48.73,46.89,49.06
002709.SZ,20180214,47.68,47.38,46.75,48.35
002709.SZ,20180213,47.8,47.7,46.51,49.02
002709.SZ,20180212,45.0,47.6,44.28,47.88
002709.SZ,20180209,44.41,43.66,43.58,46.2
002709.SZ,20180208,43.0,45.1,42.8,45.5
002709.SZ,20180207,42.6,43.34,42.0,43.48
002709.SZ,20180206,42.5,42.02,41.88,43.5
002709.SZ,20180205,43.0,42.85,42.54,43.43
002709.SZ,20180202,41.92,43.39,41.49,43.61
002709.SZ,20180201,42.95,41.9,41.9,43.79
002709.SZ,20180131,44.5,42.95,42.4,44.5
002709.SZ,20180130,43.63,44.57,43.63,45.15
002709.SZ,20180129,44.8,43.79,43.52,44.8
002709.SZ,20180126,45.84,44.82,44.25,45.84
002709.SZ,20180125,45.33,45.82,45.03,47.27
002709.SZ,20180124,43.6,45.35,42.72,45.4
002709.SZ,20180123,44.73,43.4,43.16,45.23
002709.SZ,20180122,45.51,44.73,44.47,45.97
002709.SZ,20180119,45.22,45.67,45.22,46.0
002709.SZ,20180118,45.0,45.22,44.93,46.15
002709.SZ,20180117,44.25,45.2,44.25,45.89
002709.SZ,20180116,45.4,44.75,44.5,45.65
002709.SZ,20180115,47.01,45.95,44.5,47.2
002709.SZ,20180112,46.62,47.12,46.62,47.79
002709.SZ,20180111,47.74,47.0,46.7,47.9
002709.SZ,20180110,48.23,47.61,47.05,48.59
002709.SZ,20180109,49.95,47.81,47.57,50.42
002709.SZ,20180108,49.79,49.92,49.64,51.1
002709.SZ,20180105,49.97,49.63,48.71,50.4
002709.SZ,20180104,49.1,49.3,48.65,51.66
002709.SZ,20180103,48.35,49.5,48.05,50.31
002709.SZ,20180102,46.5,47.99,46.5,48.12
002709.SZ,20171229,45.3,45.99,45.3,46.57
002709.SZ,20171228,45.02,45.17,45.02,46.39
002709.SZ,20171227,44.98,45.89,44.84,46.3
002709.SZ,20171226,46.04,44.83,43.6,46.57
002709.SZ,20171225,45.49,46.2,45.18,46.29
002709.SZ,20171222,44.62,45.62,44.5,46.57
002709.SZ,20171221,43.85,44.62,43.71,44.87
002709.SZ,20171220,43.6,43.84,43.6,44.39
002709.SZ,20171219,43.28,43.79,43.28,44.26
002709.SZ,20171218,43.81,43.77,43.11,44.6
002709.SZ,20171215,44.02,43.94,43.74,44.4
002709.SZ,20171214,43.53,44.17,43.36,44.56
002709.SZ,20171213,43.14,43.53,42.91,43.77
002709.SZ,20171212,42.3,43.44,42.3,44.43
002709.SZ,20171211,41.6,42.4,41.6,42.66
002709.SZ,20171208,40.59,41.89,40.59,42.18
002709.SZ,20171207,40.75,40.96,40.75,41.43
002709.SZ,20171206,40.07,40.83,39.78,40.87
002709.SZ,20171205,41.5,40.02,39.74,41.98
002709.SZ,20171204,42.58,41.78,41.7,42.73
002709.SZ,20171201,42.21,42.13,41.71,42.68
002709.SZ,20171130,42.5,42.16,42.06,43.18
002709.SZ,20171129,43.47,42.85,42.17,43.87
002709.SZ,20171128,42.83,43.72,42.3,43.89
002709.SZ,20171127,43.42,42.83,42.58,44.09
002709.SZ,20171124,43.0,43.46,42.15,43.8
002709.SZ,20171123,43.71,43.01,42.85,44.87
002709.SZ,20171122,43.51,44.18,43.1,45.45
002709.SZ,20171121,44.07,43.69,43.2,45.15
002709.SZ,20171120,43.08,43.88,41.5,43.93
002709.SZ,20171117,42.98,43.05,42.6,44.0
002709.SZ,20171116,45.75,43.05,42.99,45.75
002709.SZ,20171115,49.55,45.86,45.06,49.55
002709.SZ,20171114,50.14,49.98,49.42,51.68
002709.SZ,20171113,48.95,50.14,48.95,50.99
002709.SZ,20171110,49.63,48.65,48.3,49.63
002709.SZ,20171109,49.49,49.24,48.58,49.8
002709.SZ,20171108,46.27,48.9,46.27,49.85
002709.SZ,20171107,45.8,46.5,45.15,46.62
002709.SZ,20171106,45.12,45.8,45.12,46.17
002709.SZ,20171103,46.89,45.3,45.07,46.99
002709.SZ,20171102,47.4,46.85,46.36,47.68
002709.SZ,20171101,47.7,47.51,47.08,48.38
002709.SZ,20171031,46.0,47.96,45.73,48.3
002709.SZ,20171030,46.71,46.23,45.16,46.76
002709.SZ,20171027,46.4,46.71,45.77,47.18
002709.SZ,20171026,47.32,46.48,45.51,47.32
002709.SZ,20171025,48.62,47.36,46.91,48.99
002709.SZ,20171024,48.93,49.05,48.11,49.49
002709.SZ,20171023,49.4,49.07,48.4,49.55
002709.SZ,20171020,46.98,49.39,46.85,49.39
002709.SZ,20171019,46.36,46.83,46.1,47.65
002709.SZ,20171018,47.49,46.45,46.14,47.95
002709.SZ,20171017,48.56,47.4,46.9,48.95
002709.SZ,20171016,49.2,48.55,48.4,49.8
002709.SZ,20171013,49.07,49.19,49.05,49.88
002709.SZ,20171012,50.62,48.71,48.68,50.66
002709.SZ,20171011,51.84,50.63,49.5,51.84
002709.SZ,20171010,52.9,51.94,51.45,53.15
002709.SZ,20171009,53.5,52.9,51.95,54.58
002709.SZ,20170929,53.62,53.45,52.5,55.5
002709.SZ,20170928,52.9,53.44,52.6,54.43
002709.SZ,20170927,51.29,53.44,50.98,53.99
002709.SZ,20170926,49.93,51.33,49.93,51.55
002709.SZ,20170925,50.65,50.48,49.82,51.39
002709.SZ,20170922,51.05,50.36,49.88,52.1
002709.SZ,20170921,54.0,51.41,51.27,54.4
002709.SZ,20170920,52.0,53.4,50.5,53.4
002709.SZ,20170919,54.14,51.7,51.63,55.41
002709.SZ,20170918,54.99,54.03,52.72,54.99
002709.SZ,20170915,54.08,54.97,52.89,55.5
002709.SZ,20170914,53.83,54.3,53.53,57.58
002709.SZ,20170913,52.91,53.65,51.3,54.08
002709.SZ,20170912,56.0,52.97,51.21,58.2
002709.SZ,20170911,51.5,54.43,51.3,54.43
002709.SZ,20170908,49.32,49.48,49.2,51.08
002709.SZ,20170907,49.43,49.41,49.3,50.78
002709.SZ,20170906,49.0,49.63,48.3,51.76
002709.SZ,20170905,46.62,49.23,45.93,50.9
002709.SZ,20170904,45.2,46.5,45.2,47.2
002709.SZ,20170901,42.51,45.08,42.51,45.5
